Station_Name,Latitude,Longitude,Population_Served,Type
SAN DONNINO,44.50865815333333,11.378483469999999,2922.0,bus
BORGO PANIGALE CIMITERO,44.51579295,11.27231644,1583.0,bus
CHIESA BORGO PANIGALE,44.517724,11.27468618,1583.0,bus
MANUZIO,44.5167291,11.277115,1583.0,tram
SCALA,44.51655723,11.27783747,1583.0,bus
DUCATI,44.5191739,11.2702074,1583.0,tram
BORGO PANIGALE - MUSEO DUCATI,44.51859111,11.27208463,1583.0,bus
PARCHEGGIO LERCARO,44.47887149,11.37236012,1364.857142857143,bus
ALBINI,44.48223473,11.368556205,1364.857142857143,bus
LARGO LERCARO,44.479902405000004,11.36999744,1364.857142857143,bus
BORGO PANIGALE STAZIONE,44.51441474,11.28371699,1175.5714285714284,intersezione_bus_tram
CENTRO VITTORIA - MAST,44.50387134,11.29415505,1041.6623376623377,bus
TOGLIATTI,44.502279765,11.299737935,1041.6623376623377,bus
EMILIO LEPIDO,44.5232201,11.2622004,1026.6666666666667,tram
VILLAGGIO INA,44.521186505,11.2644412,1026.6666666666667,bus
LUNETTA GAMBERINI,44.476585424999996,11.37312272,993.4285714285714,bus
ORTI,44.477305985,11.370377555000001,993.4285714285714,bus
CROCETTA,44.49534508,11.31989311,987.6153846153846,bus
SAN PAOLO RAVONE,44.49532927,11.3229532,987.6153846153846,bus
MAGNANI,44.494230195,11.312598325,987.6153846153846,bus
XXI APRILE MARTINI,44.491996415,11.314181575,987.6153846153846,bus
XXI APRILE ZANNONI,44.491637275,11.31831143,987.6153846153846,bus
MARTINI,44.494946185,11.315873255,987.6153846153846,bus
MONTEFIORINO,44.495859010000004,11.3151012,987.6153846153846,bus
IRMA BANDIERA,44.493182585,11.313411774999999,987.6153846153846,bus
PASSAROTTI,44.516318909999995,11.3545562,987.5833333333334,bus
CIGNANI,44.513135500000004,11.352243860000002,987.5833333333334,bus
CASARALTA,44.51485348,11.353095445000001,987.5833333333334,bus
CA DEI FIORI,44.5136854,11.3472839,987.5833333333334,tram
CASONI,44.51811289,11.35608611,987.5833333333334,bus
ZUCCA,44.511750705,11.348827495,987.5833333333334,bus
ALDINI VALERIANI,44.5217465,11.348165,987.5833333333334,tram
BIRRA,44.52130784,11.29498427,969.5,bus
DUE PONTI,44.519133710000006,11.29401642,969.5,bus
FERMI,44.484168765,11.37300522,960.3452380952381,bus
PONTELUNGO,44.5089505,11.2965104,888.015873015873,tram
SANTA VIOLA,44.5070375,11.3051174,888.015873015873,tram
PARCO,44.49322177,11.376410329999999,880.25,bus
TANGENZIALE SAN VITALE,44.493482715,11.389744305,880.25,bus
GIAMBOLOGNA,44.493233454999995,11.385722735,880.25,bus
SANTA RITA,44.49350601,11.3831264,880.25,bus
MASSARENTI SOTTOVIA,44.493624714999996,11.381455299999999,880.25,bus
IPPODROMO,44.5176945,11.347836,837.7583333333333,tram
LAURA BASSI,44.4847574125,11.36903797,806.5857142857143,bus
DEPOSITO BATTINDARNO,44.502088325,11.297621025,797.1818181818181,bus
BELCANTONE,44.4953632,11.293616085,797.1818181818181,bus
BERTOCCHI,44.499981605,11.29377994,797.1818181818181,bus
BATTINDARNO DE CAROLIS,44.500087095,11.295991655,797.1818181818181,bus
DE AMBRIS,44.49589646,11.291367480000002,797.1818181818181,bus
ROMA,44.470708695,11.390590125,792.1111111111111,bus
SAN LAZZARO VILLA RODRIGUEZ,44.47163152,11.40583,792.1111111111111,bus
SAN LAZZARO FIUME SAVENA,44.472604545,11.40321324,792.1111111111111,bus
CENTRO CIVICO MAZZINI,44.47448351,11.39008382,792.1111111111111,bus
GENOVA,44.47285821,11.394414955,792.1111111111111,bus
VILLAGGIO DUE MADONNE,44.47565825,11.395242549999999,775.4305555555555,bus
PASUBIO,44.498181,11.31891876,770.1428571428571,bus
VITTORIO VENETO,44.499659859999994,11.320624895,770.1428571428571,bus
WEBER,44.49915969,11.3157064,770.1428571428571,bus
ACQUEDOTTO TRIUMVIRATO,44.51547182,11.29263735,768.1428571428571,bus
FAGGIOLO,44.50890139,11.28449625,768.1428571428571,bus
PIETRA,44.51139271,11.28686375,768.1428571428571,bus
TRIUMVIRATO,44.51168466666667,11.290569756666665,768.1428571428571,bus
CINTA DAZIARIA TEATRI DI VITA,44.51184918,11.288512865000001,768.1428571428571,bus
BOMBICCI,44.47920469,11.39432897,758.75,bus
TURATI,44.491489465,11.32181537,757.5576923076924,bus
ORSONI,44.489649025,11.321080865,757.5576923076924,bus
FAENZA,44.47315325,11.38762963,756.9222222222222,bus
CROCE DEL BIACCO,44.490536245,11.39893619,743.5,bus
BARELLI,44.4948308,11.39979076,743.5,bus
CANOVA,44.488019315,11.397041255000001,743.5,bus
MARTELLI,44.492698425,11.40037417,743.5,bus
TIBALDI DALL'ARCA,44.51153775,11.34237011,727.3333333333334,bus
CRETI,44.510252879999996,11.350524040000002,727.3333333333334,bus
BIGARI,44.508651315,11.35105931,727.3333333333334,bus
DOPOLAVORO FERROVIARIO,44.50798743,11.353622735,727.3333333333334,bus
TIARINI,44.50871363,11.34286945,727.3333333333334,bus
FRANCESCHINI,44.51092451,11.35055158,727.3333333333334,bus
SACRO CUORE,44.50847040666667,11.346401929999999,727.3333333333334,bus
MATTEOTTI ALTA VELOCITA',44.507117905,11.34610423,727.3333333333334,bus
PIAZZA DELL`UNITA`,44.51095931333333,11.347301533333331,727.3333333333334,bus
CIVIDALI,44.50138201,11.30824264,725.125,bus
VELODROMO,44.500289089999995,11.31207692,725.125,bus
OSPEDALE  MAGGIORE,44.50271967,11.31237184,725.125,bus
MARZABOTTO,44.50145128,11.311617745,725.125,bus
CALABRIA,44.474523945,11.38268571,721.7333333333333,bus
EMILIA CALABRIA,44.47836855,11.38795363,721.7333333333333,bus
SARDEGNA,44.475936935,11.383756985000002,721.7333333333333,bus
VENEZIA GIULIA,44.478316985,11.381830305000001,721.7333333333333,bus
BELLARIA LOMBARDIA,44.47634517,11.386766305,721.7333333333333,bus
LOMBARDIA,44.47725295,11.38482358,721.7333333333333,bus
BITONE,44.479001085,11.384260600000001,721.7333333333333,bus
PORTA MASCARELLA,44.501781949999994,11.354122830000001,714.2857142857143,bus
PORTA GALLIERA,44.50446721,11.346815205,714.2857142857143,bus
BORGO,44.502885,11.35121777,714.2857142857143,bus
INDIPENDENZA NORD,44.50299103,11.34496538,714.2857142857143,bus
SFERISTERIO,44.500570120000006,11.346970505000002,714.2857142857143,bus
INDIPENDENZA8 AGOSTO,44.5008531,11.3443268,714.2857142857143,tram
IRNERIO,44.49989464,11.34966472,714.2857142857143,bus
SAN PIO V,44.500110379999995,11.324865245,713.6214285714286,bus
SPINA,44.489059815000005,11.378204335,712.75,bus
VETULONIA,44.487193535,11.377498215,712.75,bus
BOLOGNINA,44.511710719999996,11.345208235000001,707.6333333333333,bus
MELONCELLO,44.490066139999996,11.312144035,695.3076923076924,bus
ADIGE,44.477428610000004,11.379749695000001,692.4916666666667,bus
FIORAVANTI,44.51401658499999,11.342093965,687.9333333333333,bus
ROTONDA GOBETTI,44.51697039,11.33748961,687.9333333333333,bus
BOLOGNESE,44.51265771,11.34238432,687.9333333333333,bus
GOBETTI,44.518466575,11.336277030000002,687.9333333333333,bus
FONDO COMINI,44.515807859999995,11.34233836,687.9333333333333,bus
ARCOVEGGIO CHIESA,44.51741631,11.34207333,687.9333333333333,bus
PALESTRA IPPODROMO,44.51922345,11.34299786,687.9333333333333,bus
VILLA ERBOSA,44.521646829999995,11.3438064,687.9333333333333,bus
BARBIERI,44.516836165,11.34110168,687.9333333333333,bus
ARNO,44.477069025,11.390315167499999,686.3648148148148,bus
GALEOTTI,44.50265888,11.36469728,668.8333333333334,bus
ARTIGIANO,44.50303752,11.36706457,668.8333333333334,bus
RISTORI,44.50213146,11.37200255,668.8333333333334,bus
BEROALDO,44.50225729,11.36667249,668.8333333333334,bus
ANDREINI,44.50098155,11.373537715,668.8333333333334,bus
DUSE,44.500720705,11.36972161,668.8333333333334,bus
MONDO,44.499287025,11.37287813,668.8333333333334,bus
NUOVA,44.49823931,11.373015644999999,668.8333333333334,bus
CAMPO SAVENA,44.50114055,11.36704554,668.8333333333334,bus
CALINDRI,44.50051911,11.37123352,668.8333333333334,bus
VILLA PARADISO,44.48107787,11.38159216,663.25,bus
PONTEVECCHIO,44.481660160000004,11.37976107,663.25,bus
BENTINI SOTTOVIA,44.55303353,11.35365303,658.0,bus
MARESCALCHI,44.543796785,11.3551133,658.0,bus
PRIMO MAGGIO,44.55572003,11.35166375,658.0,bus
CORTICELLA STAZIONE,44.55191145,11.35428764,658.0,intersezione_bus_tram
CORTICELLA,44.546117845,11.355856750000001,658.0,intersezione_bus_tram
COLOMBAROLA,44.54314891,11.35612853,658.0,bus
BENTINI,44.545849135,11.356630115,658.0,bus
FONTI,44.54832112,11.355397495,658.0,bus
SHAKESPEARE,44.550571,11.358646,658.0,tram
SANT`ANNA,44.54819701,11.36067947,658.0,intersezione_bus_tram
ZANICHELLI,44.54777828,11.35747198,658.0,bus
BYRON CENTOFIORI,44.54630701,11.36043624,658.0,bus
SILVANI,44.50054117,11.32894733,657.1,bus
CASARINI,44.50399276,11.330383665,657.1,bus
BOVI CAMPEGGI,44.5057066675,11.3319157,657.1,bus
BOVI CAMPEGGI QUESTURA,44.50543457,11.33531194,657.1,bus
SCALO,44.50249923,11.32787117,657.1,bus
PARMEGGIANI,44.503516430000005,11.333414829999999,657.1,bus
DEPOSITO DUE MADONNE 1,44.483182170000006,11.39431742,652.0,bus
MONDOLFO,44.48141724,11.393210915000001,652.0,bus
BEOLCO,44.503007145,11.373888435000001,651.7142857142857,bus
MAGAZZARI,44.503979935000004,11.372398935,651.7142857142857,bus
GIARDINO GINO CERVI,44.505066189999994,11.372393625,651.7142857142857,bus
FERRAVILLA,44.50716236,11.37058697,651.7142857142857,bus
SAN DONATO,44.505138435000006,11.371217905,651.7142857142857,bus
SIRENELLA,44.50607346,11.37338356,651.7142857142857,bus
PONTE SAVENA,44.45491988,11.367795385,642.3333333333334,bus
CROCE DI CAMALDOLI,44.466470615,11.37075121,642.3333333333334,bus
DIRETTISSIMA,44.463681975,11.370863459999999,642.3333333333334,bus
BUON PASTORE,44.45933478,11.36994209,642.3333333333334,bus
FOSCHERARA,44.468693785,11.3738605,642.3333333333334,bus
ANGELO CUSTODE NOVARO,44.45874066,11.36876898,642.3333333333334,bus
PARISIO,44.471925035,11.369980850000001,642.3333333333334,bus
ANGELO CUSTODE,44.460313575,11.370286345,642.3333333333334,bus
ARANZIO,44.47243006,11.36854246,642.3333333333334,bus
PONCHIELLI,44.46674879,11.37288144,642.3333333333334,bus
SAN RUFFILLO,44.457208715,11.36953994,642.3333333333334,bus
SAN RUFFILLO STAZIONE,44.46301781,11.37285056,642.3333333333334,bus
LONGO CAVAZZONI,44.46829902,11.385132925,640.1944444444445,bus
PORTA SAN FELICE,44.4990764,11.327718826666667,635.8043204238218,bus
ALLENDE,44.482796594999996,11.38559066,633.4916666666667,bus
VILLA LAURA,44.479272395,11.38561554,633.4916666666667,bus
ROVIGHI,44.47254986,11.366241290000001,632.1666666666667,bus
CAVALCAVIA MASCARELLA,44.5070281,11.355109745,632.0333333333333,bus
STALINGRADO,44.5096812,11.355758666,632.0333333333333,bus
PORTA SAN DONATO,44.498508845,11.355525625,627.436974789916,bus
CERTOSA GANDHI,44.498573915,11.310636365,623.4375,bus
CHIESA CERTOSA,44.49920186,11.30881853,623.4375,bus
DAGNINI,44.477515765,11.36814554,622.0,bus
CHIESA NUOVA,44.47373699,11.368562350000001,622.0,bus
MOLINELLI,44.4731126,11.36485005,622.0,bus
VILLA HERCOLANI,44.47480911,11.3629438,622.0,bus
VARTHEMA,44.476790125,11.366589245,622.0,bus
TOGLIATTI PIETRA,44.506705354999994,11.28462155,613.7987012987013,bus
MAZZINI STAZIONE,44.482882695,11.37625599,609.5416666666667,bus
FELSINA,44.483856965,11.380913045,604.25,bus
FOSSOLO,44.486053854999994,11.377093760000001,604.25,bus
CENTRO ZANARDI,44.50394231,11.36695062,602.7833333333333,intersezione_bus_tram
MERCATO SAN DONATO,44.50259904666666,11.363058756666668,602.7833333333333,bus
PORTA LAME,44.5027576875,11.33287803,598.4195652173913,bus
VILLA SPADA,44.48915892666667,11.315688393333332,595.3076923076924,bus
VILLA BENNI,44.48899027,11.31840268,595.3076923076924,bus
FONDAZZA,44.48700789,11.353985269999999,590.7368421052631,bus
XII GIUGNO,44.486057654999996,11.3463827,590.7368421052631,bus
D`AZEGLIO,44.49044021,11.34135528,590.7368421052631,bus
BARACCANO,44.48577245,11.35470031,590.7368421052631,bus
PIAZZA CAVOUR,44.490849383333334,11.343862778333333,590.7368421052631,bus
TORLEONE,44.49089016,11.35504035,590.7368421052631,bus
CARTOLERIA,44.4898128,11.34924476,590.7368421052631,bus
RIALTO,44.48750845,11.34870969,590.7368421052631,bus
TRIBUNALE,44.488084415,11.343969975,590.7368421052631,bus
SAN LUIGI PORTA SAN MAMOLO,44.487603320000005,11.339664995,590.7368421052631,bus
CESTELLO,44.48791662,11.34787798,590.7368421052631,bus
PORTA SARAGOZZA - LICEO RIGHI,44.491856605,11.329258645,576.2352941176471,bus
SANT`ISAIA PIAZZA MALPIGHI,44.49342332,11.33528614,576.2352941176471,bus
SANT`ISAIA,44.49380507,11.332410146666666,576.2352941176471,bus
PIAZZA SAN FRANCESCO,44.49523278,11.33589816,576.2352941176471,bus
PALADOZZARIVA RENO,44.4981633,11.3315835,576.2352941176471,tram
NOSADELLA,44.490051625,11.33400873,576.2352941176471,bus
PORTA SARAGOZZA - VILLA CASSARINI,44.489917925,11.330321195,576.2352941176471,bus
COLLEGIO DI SPAGNA,44.49035821,11.337097305,576.2352941176471,bus
SAN FELICE,44.49754911,11.33188683,576.2352941176471,intersezione_bus_tram
TAGLIAPIETRE,44.49107082,11.34003951,576.2352941176471,bus
PORTA SARAGOZZA - FRASSINAGO,44.49035107333333,11.330926236666665,576.2352941176471,bus
GIOTTO,44.49983484,11.29055323,573.3850267379679,bus
PO,44.475942905,11.377130855,566.7611111111111,bus
MARCONI,44.49732908000001,11.337785556666667,562.3695652173913,bus
RAGNO,44.478985685,11.364851845,560.5333333333333,bus
AGNESI,44.48696448,11.370006085,555.8333333333334,bus
TRIACHINI,44.49299884,11.37040821,555.8333333333334,bus
MASSARENTI,44.492540850000005,11.367647353333332,555.8333333333334,bus
VERMIGLIA,44.49092065,11.37158638,555.8333333333334,bus
PIZZARDI,44.48980543,11.36857938,555.8333333333334,bus
AZZURRA,44.48645463,11.37311092,555.8333333333334,bus
MENGOLI,44.4889184675,11.371353702499999,555.8333333333334,bus
PALAGI,44.491526844999996,11.36626223,555.8333333333334,bus
ARCOBALENO,44.488732805,11.373451335,555.8333333333334,bus
ARPA,44.490879175,11.370413880000001,555.8333333333334,bus
RIMESSE STAZIONE,44.49336068,11.373601005000001,555.8333333333334,bus
CAVALIERI DUCATI,44.51412912,11.25924675,554.7708333333334,bus
FIRENZE,44.470366615,11.38569414,553.7055555555555,bus
PORTA SANT`ISAIA,44.494482285000004,11.329043865,551.8676470588235,bus
FERMATA SERVIZIO DUE MADONNE,44.48480216,11.39455505,545.25,bus
MARX,44.485754255,11.3861587,545.25,bus
ETRURIA,44.489621625,11.380404890000001,545.25,bus
ISTITUTO MANFREDI TANARI,44.489029040000005,11.386795915,545.25,bus
LINCOLN,44.48208838,11.389927985,545.25,bus
POMPONAZZI,44.48073939,11.390114595,545.25,bus
CARDUCCI,44.48744709,11.357841,544.9017543859649,bus
PORTA SANTO STEFANO,44.484831119999996,11.35618603,544.9017543859649,bus
SVEVO,44.508313619999996,11.394911785,544.3076923076923,bus
SALGARI,44.51434878,11.39006265,544.3076923076923,bus
PIRANDELLO,44.511739515,11.38962923,544.3076923076923,bus
PILASTRO VECCHIO,44.507716935000005,11.388882545,544.3076923076923,bus
DELEDDA,44.51010584,11.39992796,544.3076923076923,bus
BIVIO PILASTRO,44.51006636,11.38347047,544.3076923076923,bus
PANZINI,44.50935826,11.39329942,544.3076923076923,bus
SIGHINOLFI,44.511157155,11.40115926,544.3076923076923,bus
NEGRI,44.51351226,11.3957995,544.3076923076923,bus
C.S. RECORD,44.50796414,11.3916808,544.3076923076923,bus
PILASTRO,44.51074868,11.39585645,544.3076923076923,bus
LIBIA,44.49418425,11.36574834,540.5882352941177,bus
MASIA,44.497179375,11.364196615000001,540.5882352941177,bus
FILOPANTI,44.49546118,11.35708657,540.5882352941177,bus
STAZIONE SAN VITALE,44.49592104,11.372045825,540.5882352941177,bus
SANT`EGIDIO,44.499109805,11.35943851,540.5882352941177,bus
BENTIVOGLI,44.49321421,11.36469034,540.5882352941177,bus
ZANOLINI - CASA DELLE DONNE,44.4973547,11.3593941,540.5882352941177,bus
PORTA SAN VITALE (VIA MASSARENTI),44.49390682,11.35810889,540.5882352941177,bus
ROSSI,44.498736730000005,11.36312751,540.5882352941177,bus
CIRENAICA,44.495267725000005,11.364482495,540.5882352941177,bus
CAVALCAVIA SAN DONATO,44.499895765000005,11.360995485,540.5882352941177,bus
OSPEDALE SANT`ORSOLA ALBERTONI,44.492249545,11.36420013,540.5882352941177,bus
PIAZZA XX SETTEMBRE,44.50445618,11.34430575,539.7391304347826,bus
RIVA DI RENO - MARCONI,44.49882714,11.33766208,539.7391304347826,bus
CANALE DI RENOLAME,44.4985202,11.3351271,539.7391304347826,tram
PALASPORT,44.5005577,11.33118447,539.7391304347826,bus
MILAZZO,44.50322466,11.34165187,539.7391304347826,bus
DON MINZONI - MAMBO,44.502948555,11.33621467,539.7391304347826,bus
MILLE,44.501717174999996,11.341980565,539.7391304347826,bus
MILLE (PIAZZA DEI MARTIRI),44.50189119,11.34095778,539.7391304347826,intersezione_bus_tram
RONDONE,44.500048715,11.334647045,539.7391304347826,bus
AMENDOLA,44.503095785,11.34039258,539.7391304347826,bus
PIAZZA DEI MARTIRI,44.500979400000006,11.339636486666665,539.7391304347826,bus
STAZIONE CENTRALE,44.505195962500004,11.343355443333332,539.7391304347826,bus
STAZIONE CENTRALE - MATTEOTTI,44.50499342,11.34426605,539.7391304347826,bus
LAME,44.497052065,11.336809639999998,539.7391304347826,bus
ZACCONI,44.50431138,11.36448187,536.7333333333333,bus
PEZZANA,44.50393356,11.36060779,536.7333333333333,bus
VESTRI,44.506929375,11.35772521,536.7333333333333,bus
LAVORO,44.505306489999995,11.359340360000001,536.7333333333333,bus
NOVELLI,44.50597280333333,11.362304293333333,536.7333333333333,bus
REPUBBLICA,44.50496803,11.362488240000001,536.7333333333333,bus
SERENA,44.50816717,11.36081805,536.7333333333333,bus
RUGGERI,44.50489809,11.36068289,536.7333333333333,bus
BORGHI MAMO,44.476391050000004,11.36241317,534.55,bus
SAN GIUSEPPE,44.490268115,11.325164560000001,527.5,bus
ANDREA COSTA,44.494984465,11.326181009999999,527.5,bus
GUIDOTTI,44.49258054,11.3254192,527.5,bus
PORTA SARAGOZZA - RISORGIMENTO,44.490439144999996,11.32829903,527.5,bus
VICINI,44.49654564,11.32754377,527.5,bus
PIAZZA VOLTA,44.492802435,11.32362673,527.5,bus
AUDINOT,44.49170184,11.32737065,527.5,bus
RONCATI,44.49332706,11.32597792,527.5,bus
ALEMANNI - AGEOP RICERCA,44.4865047575,11.3659792925,527.45,bus
OSPEDALE MALPIGHI,44.488542736666666,11.36644924,527.45,bus
UGO BASSI,44.49546016333333,11.338909353333335,523.375,intersezione_bus_tram
CROCE CARAVAGGIO,44.487047065,11.292158555,521.75,bus
GHISELLO,44.49320204,11.29957159,521.75,bus
BONINSEGNA,44.49019093,11.29060316,521.75,bus
CROCE LUNA,44.486176220000004,11.292192825,521.75,bus
BARCA,44.49401843,11.296638545,521.75,bus
FILANDA,44.49072648,11.29147779,521.75,bus
MILANI,44.48796206,11.29517772,521.75,bus
LORENZETTI,44.49159953,11.29199227,521.75,bus
PIAZZA MALPIGHI,44.49406917666666,11.336346716666666,518.9926470588235,bus
CRICCA,44.472753055,11.385321895,518.5166666666667,bus
SOLARI,44.54070678,11.35723702,516.65625,bus
ALDINI,44.488567605,11.333953834999999,506.91764705882355,bus
AGUCCHI,44.524351665,11.316081409999999,503.0,bus
PESCAROLA,44.522546399999996,11.320097555,503.0,bus
VARANINI,44.523660109999994,11.313211615,503.0,bus
SELVA PESCAROLA,44.521702945,11.321358589999999,503.0,bus
BORRE,44.5268121,11.316930485,503.0,bus
BERTALIA,44.52136704,11.312376045,503.0,bus
C.S. PESCAROLA,44.52495081,11.318095419999999,503.0,bus
PORTA SANTO STEFANO-ROSA PARKS,44.483704605,11.357727915,499.06666666666666,bus
DANTE,44.487539405,11.359200575,499.06666666666666,bus
PIAZZA TRENTO TRIESTE,44.486687509999996,11.361898165,499.06666666666666,bus
ALBERTONI,44.48809556333333,11.362626743333331,499.06666666666666,bus
MEZZOFANTI,44.483483140000004,11.365266055,499.06666666666666,bus
SAVIOLI,44.485097804999995,11.36385308,499.06666666666666,bus
STALINGRADO PARRI,44.512259385,11.35770156,494.7462121212121,bus
PONTICELLA BRIZZI,44.45762772,11.37676127,488.27777777777777,bus
LONGO,44.466103700000005,11.38432926,488.27777777777777,bus
BATTAGLIA,44.46662433,11.37933243,488.27777777777777,bus
MARCELLO,44.4665524,11.376329935000001,488.27777777777777,bus
PONTICELLA EDERA,44.4581395,11.37774598,488.27777777777777,bus
CORELLI,44.45864153,11.373467954999999,488.27777777777777,bus
PONTICELLA,44.45942263,11.378584505,488.27777777777777,bus
BENEDETTO MARCELLO,44.46745025,11.37721583,488.27777777777777,bus
ROTONDA CORELLI,44.45566455,11.37198264,488.27777777777777,bus
CORTICELLI,44.462977815,11.375450315,488.27777777777777,bus
PIAZZALE ATLETI AZZURRI,44.46423946,11.38201422,488.27777777777777,bus
ALBERTO MARIO,44.460648635,11.379274615,488.27777777777777,bus
ARMI,44.46920747,11.37693086,488.27777777777777,bus
ALBORNOZ,44.46559166,11.377770506666666,488.27777777777777,bus
ABBA,44.46490304,11.3788378,488.27777777777777,bus
STADIO FALCHI,44.4636292,11.3787554,488.27777777777777,bus
GUBELLINI,44.469134749999995,11.381513210000001,488.27777777777777,bus
MURRI,44.48237342,11.359645369999999,473.08333333333337,bus
STERLINO,44.480740170000004,11.36207262,473.08333333333337,bus
BATTIFERRO,44.514913185,11.33760897,466.3952380952381,bus
DON STURZO,44.4893138,11.2992348,462.375,bus
TREVES,44.488470515,11.296998085,462.375,bus
FUNIVIA,44.491470925,11.3027580075,462.375,bus
LA MALFA,44.505293734999995,11.279860315,459.45454545454544,bus
CASTELDEBOLE,44.50003891,11.27734406,459.45454545454544,bus
BOTTONELLI,44.50261934,11.27891949,459.45454545454544,bus
DE NICOLA,44.505206825,11.278337505,459.45454545454544,bus
GALEAZZA,44.50310926,11.27755996,459.45454545454544,bus
SALVEMINI,44.50091185,11.27544089,459.45454545454544,bus
ROTTA,44.4989328,11.27516656,459.45454545454544,bus
EINAUDI,44.505068425,11.28147787,459.45454545454544,bus
GANDINO,44.480558994999996,11.35762235,447.1,bus
CARUSO,44.47874307,11.36077722,447.1,bus
BELLACOSTA,44.47952534,11.35815559,447.1,bus
SIEPELUNGA,44.477335679999996,11.36004915,447.1,bus
SANTA BARBARA,44.47739923,11.35607537,447.1,bus
REDENTI,44.47837407,11.3549971,447.1,bus
PARCO DEI CEDRI,44.47380896,11.399963755,440.80555555555554,bus
BOTTEGO,44.520152085,11.331003280000001,440.25,bus
PELLEGRINO,44.525060275,11.33226483,440.25,bus
NAVILE,44.517035164999996,11.33217729,440.25,bus
OCA,44.51639159,11.324931334999999,440.25,bus
SOTTOPASSO ZANARDI,44.510683560000004,11.328539935,440.25,bus
FORNACE,44.530379145,11.333838985,440.25,bus
GRAZIA,44.516402584999994,11.32817369,440.25,bus
PANE,44.520954515,11.3248742,440.25,bus
DE GAMA,44.52192358,11.32779281,440.25,bus
TANGENZIALE LAME,44.528168265000005,11.33319396,440.25,bus
BEVERARA,44.521852455,11.33129173,440.25,bus
MARCO POLO,44.519115084999996,11.328853885000001,440.25,bus
USODIMARE,44.518732385,11.32437212,440.25,bus
POSTE,44.512209920000004,11.3274983,440.25,bus
CARRACCI,44.508899755,11.33135029,440.25,bus
GAGARIN,44.51715,11.329598149999999,440.25,bus
BAGNI DI MARIO,44.48225209,11.337700380000001,437.6,bus
SAN MAMOLO,44.47756717,11.335856549999999,437.6,bus
PETRARCA,44.48767245,11.33583598,437.6,bus
BIVIO COLLI,44.475642730000004,11.33612433,437.6,bus
VILLA GHIGI,44.479708515,11.33629019,437.6,bus
VILLA BARUZZIANA,44.48345552,11.33587982,437.6,bus
CROCEFISSI,44.48993284,11.28950086,435.6691176470588,bus
SAFFI,44.5013003675,11.321027789999999,424.73809523809524,bus
TIMAVO,44.502556195,11.31789293,424.73809523809524,bus
PIAZZA MINGHETTI,44.49149491333333,11.345936723333333,422.15413533834584,bus
GARGANELLI,44.489844017500005,11.350420355,422.15413533834584,bus
FARINI,44.491360495,11.34257317,422.15413533834584,bus
PORTA MAGGIORE,44.49059964,11.3578119625,411.034126984127,bus
PICCHIO,44.459544734999994,11.366673965,410.7291666666667,bus
VILLA MAZZACORATI,44.469420885,11.371363365,410.7291666666667,bus
PIAZZA DEI COLORI,44.49454439,11.397890245,403.325,bus
BIVIO SAN LUCA,44.490181355000004,11.30978771,403.0,bus
STADIO,44.49382292,11.30985724,403.0,bus
LINO,44.493425529999996,11.306801669999999,403.0,bus
CERTOSA,44.4929252,11.303730455,403.0,bus
DELLO SPORT,44.490914169999996,11.307202635,403.0,bus
PRATI DI CAPRARA,44.5051953,11.3104895,402.2291666666667,tram
OSPEDALE MAGGIORE,44.503783909999996,11.314191851428571,402.2291666666667,bus
CAVAZZONI,44.470822195,11.378030915,401.7888888888889,bus
CHERUBINI,44.47047803,11.381004455,401.7888888888889,bus
VILLA GETSEMANI,44.472363310000006,11.36045072,400.5625,bus
CENTRO PROVE AUTOVEICOLI,44.53178638,11.314513139999999,380.5,bus
ZANARDI CINTURA FERROVIARIA,44.53738327,11.31705841,380.5,bus
TRAGHETTO,44.52923732,11.314616919999999,380.5,bus
NOCE,44.53329631,11.315380189999999,380.5,bus
PARCHEGGIO STAVECO,44.48584684,11.34445684,375.51547987616095,bus
PORTA CASTIGLIONE,44.484822175000005,11.34872957,375.51547987616095,bus
COOPERAZIONE,44.53092434,11.347169274999999,375.3125,bus
DON BEDETTI,44.534242755,11.348092805,375.3125,bus
PINARDI,44.53469376,11.35617147,375.3125,intersezione_bus_tram
RONCAGLIO,44.53661853,11.35580995,375.3125,bus
DON FIAMMELLI,44.5379907,11.3563372,375.3125,tram
ROTONDA GIARDINI,44.54162161,11.35207499,375.3125,bus
TEGA,44.53652472,11.35711352,375.3125,bus
CASA BUIA,44.538943875,11.35158598,375.3125,bus
CROCE COPERTA,44.5304546,11.35220892,375.3125,intersezione_bus_tram
LIPPARINI,44.54065556,11.35638429,375.3125,intersezione_bus_tram
LAPIDARI,44.536416904999996,11.35036007,375.3125,bus
PORTA SAN MAMOLO,44.48658038000001,11.339555695000001,368.2647058823529,bus
PORTA SAN VITALE,44.493699420000006,11.357545909999999,367.01785714285717,bus
TANARI,44.50622248,11.329675545,352.55,bus
RIGOLA,44.49411519,11.28694194,349.5882352941176,bus
ROTONDA MALAGUTI,44.4907696,11.28812148,349.5882352941176,bus
CENTRO SPORTIVO BARCA,44.49287465,11.28135464,349.5882352941176,bus
DE PISIS,44.50056193,11.2903781,349.5882352941176,bus
PIAZZA GIOVANNI XXIII,44.49633007,11.2856096,349.5882352941176,bus
TRENO,44.4945736,11.28467427,349.5882352941176,bus
BUOZZI,44.496176434999995,11.288181285,349.5882352941176,bus
NALDI,44.4922181,11.28288396,349.5882352941176,bus
CROCE,44.484976625,11.289711274999998,349.5882352941176,bus
VIGHI,44.49817807,11.28547232,349.5882352941176,bus
GNUDI,44.49820793,11.2887702,349.5882352941176,bus
ALTOBELLI,44.49983576,11.28868053,349.5882352941176,bus
TOMMASEO,44.496850095,11.28609531,349.5882352941176,bus
DOZZA CAPOLINEA,44.52888213,11.36670959,339.75,bus
RASTIGNANO STAZIONE,44.443675080000006,11.356154435,333.25,bus
RASTIGNANO PALEOTTO,44.44573406,11.358315574999999,333.25,bus
TOSCANA PIETRO DA ANZOLA,44.45264326,11.364791255,333.25,bus
PAVESE,44.45083713,11.36048089,333.25,bus
TOSCANA PAVESE 2,44.44840404999999,11.35952039,333.25,bus
TOSCANA PAVESE 1,44.450255420000005,11.361491730000001,333.25,bus
PIAZZA MAGGIORESAN PIETRO,44.4972202,11.343272,331.27272727272725,tram
PIAZZA ALDROVANDI,44.49284909,11.35166835,331.27272727272725,bus
VIALE FIERA,44.508047785,11.368577385,326.8116883116883,bus
SCUOLE SCANDELLARA,44.49667121,11.38478521,319.3333333333333,bus
TERRAPIENO MONDO,44.4992831,11.37698842,319.3333333333333,bus
TERRAPIENO,44.50080906,11.37852691,319.3333333333333,bus
DEPOSITO DUE MADONNE 2,44.4851837,11.39558215,317.375,bus
MILANO,44.47315115,11.3813733,315.3,bus
CHIESA SAN LORENZO,44.47221884,11.38251586,315.3,bus
MAZZONI,44.471507654999996,11.385467195,315.3,bus
CENTRO GALLIA,44.46959578,11.38427977,315.3,bus
TORINO,44.4725434,11.37762465,315.3,bus
PIANETA,44.49677196,11.39128535,313.7142857142857,bus
INDUSTRIA,44.50481617,11.394842409999999,313.7142857142857,bus
CARPENTIERE,44.504411485000006,11.39135973,313.7142857142857,bus
GIARDINI MARGHERITA,44.48489446,11.352391945,311.36842105263156,bus
VIRGOLONE,44.514829445000004,11.38993447,305.03846153846155,bus
CADRIANO BIVIO,44.511470105,11.38433957,305.03846153846155,bus
ANNUNZIATA,44.48487012,11.339407535,298.9470588235294,bus
RIZZOLI,44.494377854999996,11.34545668,292.4220779220779,bus
OSPEDALE SANT`ORSOLA,44.492812235,11.36176599,280.16911764705884,bus
ALDO MORO,44.50724024,11.364295255,269.3212121212121,bus
PARCHEGGIO COSTITUZIONE,44.51035371,11.359704,269.3212121212121,bus
FIERA ALDO MORO,44.50859454,11.3628152,269.3212121212121,bus
ARCOVEGGIO,44.524675065,11.34517607,268.125,bus
DEPOSITO FERRARESE,44.521084385,11.35798883,268.125,bus
MANIFATTURA,44.523062839999994,11.35947688,268.125,bus
C.S. VIRTUS,44.52787925,11.34644324,268.125,bus
CASERME ROSSE,44.52528605,11.34903387,268.125,bus
DOZZA,44.528571119999995,11.3666081,260.125,bus
STRADA MAGGIORE,44.49270369,11.35025937,253.57142857142858,bus
PIAZZA GALVANI,44.49210124,11.34331344,253.57142857142858,bus
PIAZZA MAGGIORE,44.493978835,11.343677235,253.57142857142858,bus
POLVERIERA,44.470477645,11.33801266,247.31724137931036,bus
FIORAVANTI PIAZZA LIBER PARADISUS,44.50871348,11.34035332,244.85714285714286,bus
CASE FERROVIERI,44.508399280000006,11.335134235,244.85714285714286,bus
CARRACCI STAZIONE AV,44.50706693,11.34468492,244.85714285714286,bus
CASA DELLA SALUTE UFF COMUNALI,44.50785571,11.33901218,244.85714285714286,bus
ZANARDI,44.518877025,11.322960734999999,228.25,bus
TERRACINI,44.51397857,11.318729605000001,228.25,bus
ITC LUXEMBURG,44.51410722,11.3114361,228.25,bus
DON GNOCCHI,44.525636055,11.362286825,219.975,bus
PARCHEGGIO PARCO NORD,44.527085205,11.36471802,219.975,bus
RAVONE,44.4824726,11.31482931,203.0,bus
CASAGLIA,44.486738505,11.315186355,203.0,bus
SCUOLE CARRACCI,44.48472599,11.314985674999999,203.0,bus
CASAGLIA 31,44.48468919,11.31428903,203.0,bus
ENZO FERRARI,44.502435985,11.396711605,188.43214285714285,bus
LARGA,44.495064725000006,11.39218456,188.43214285714285,bus
LARGA STAZIONE,44.49845061,11.39420681,188.43214285714285,bus
INNOCENTI,44.499915255000005,11.39507839,188.43214285714285,bus
APOSAZZA,44.533334495,11.36763021,180.5,bus
GOMITO,44.53300742,11.37062026,180.5,bus
CARCERE,44.533593525,11.36904196,180.5,bus
BORGO GESSAIOLI,44.461026815,11.360282770000001,179.125,bus
VILLA BELCOLLE,44.46504069,11.35993938,179.125,bus
SCUOLE MERLANI,44.462534113333334,11.358332176666666,179.125,bus
MONTE DONATO,44.46188649,11.35668061,179.125,bus
VILLA MAGLI,44.469444285,11.36119577,179.125,bus
CODIVILLA,44.48442805,11.339878720000002,160.2941176470588,bus
POLIAMBULATORIO RIZZOLI,44.47606082,11.34099758,160.2941176470588,bus
PUTTI,44.48054459,11.347399815,160.2941176470588,bus
SAN MICHELE IN BOSCO,44.48228749,11.34189117,160.2941176470588,bus
IST. RIZZOLI - CENTRO RICERCA,44.4753565,11.34071716,160.2941176470588,bus
DELLE ROSE,44.482193325,11.349044469999999,160.2941176470588,bus
BARBIANO,44.476271635,11.34346102,160.2941176470588,bus
CASTIGLIONE,44.480534815,11.349294485,160.2941176470588,bus
ISTITUTO ORTOPEDICO RIZZOLI,44.481312395,11.342535505,160.2941176470588,bus
BARBIANO 1,44.4751864,11.3427001,160.2941176470588,bus
PIAZZALE BACCHELLI,44.48063975333333,11.344115369999999,160.2941176470588,bus
SCALINI,44.477992140000005,11.347460366666667,108.66430020283975,bus
PARCO NORD,44.52696913,11.36586677,100.2,bus
ARIOSTO,44.51397728,11.26195458,82.875,bus
CA` NUOVA@,44.51635702,11.24599957,82.875,bus
CASA SANTA CHIARA@,44.51556453,11.24729247,82.875,bus
CASE GIARDINO@,44.50953679,11.25966764,82.875,bus
CAVALIERI DUCATI FRONTE 118/2,44.5155458,11.2545557,82.875,bus
VILLA BOSCHI@,44.50839211,11.25230542,82.875,bus
VILLAGGIO SPERANZA,44.51613672,11.2502148,82.875,bus
COLLEGIO SAN LUIGI@,44.50707664,11.25686148,82.875,bus
RIGOSA@,44.51138019,11.23924485,82.875,bus
LA PICCIONAIA@,44.5098651,11.24576741,82.875,bus
OLMETOLA@,44.51023507,11.24148679,82.875,bus
BOIARDO@,44.51121092,11.26048094,82.875,bus
BOIARDO14@,44.50799366,11.25871949,82.875,bus
CASE OSTI,44.548573975,11.31812495,81.0,bus
SOSTEGNO,44.53220077,11.33663598,81.0,bus
CAVE,44.54520909,11.32051612,81.0,bus
ROTONDA GRANATIERI - AVIS,44.507472625,11.31214441,79.33333333333333,bus
OSPEDALE MAGGIORE - MATERNITA`,44.50653371,11.315703235,79.33333333333333,bus
CADRIANO MATTEOTTI,44.54749688,11.39802006,65.76923076923077,bus
MURATORE,44.50086034,11.410389125,63.15,bus
ELETTRICISTA,44.502503565,11.401768505,63.15,bus
ROTONDA NEGRONI,44.50186699,11.41863303,63.15,bus
FRESATORE,44.500987045,11.40763837,63.15,bus
VETRAIO,44.50503017,11.42150395,63.15,bus
ROTONDA ACQUA FRESCA,44.503939985,11.41289678,63.15,bus
CERAMISTA,44.499152519999996,11.39730421,63.15,bus
FONDITORE,44.501928355000004,11.404676214999999,63.15,bus
CARROZZAIO,44.499071705000006,11.395793439999998,63.15,bus
CERODOLO,44.502240889999996,11.399449820000001,63.15,bus
AEROPORTO,44.52942133,11.29270497,58.0,bus
VILLA SALTARELLI@,44.527563075,11.285764325,58.0,bus
CASERMA R.R.A.E.@,44.529411225000004,11.286967335,58.0,bus
AEROCLUB@,44.5310122,11.28815272,58.0,bus
CASE SAVINI@,44.52728011,11.28082187,58.0,bus
CASE GHEDINI@,44.525544925,11.28796351,58.0,bus
MONTE CUCCOLINO,44.464868755,11.32877626,57.03448275862069,bus
VILLA COLONNA,44.47350429,11.34663335,57.03448275862069,bus
SABBIUNO CASETTA,44.42093356,11.31304148,57.03448275862069,bus
GAIBOLA,44.46659713,11.31998126,57.03448275862069,bus
BIVIO SAN VITTORE,44.46419284,11.34265691,57.03448275862069,bus
PARCO CAVAIONI,44.44226643,11.30397492,57.03448275862069,bus
BATTIVENTO,44.47126624,11.34686816,57.03448275862069,bus
CIPPO SABBIUNO,44.421524434999995,11.314717869999999,57.03448275862069,bus
TIRO AL PIATTELLO,44.44370738,11.30932373,57.03448275862069,bus
PADERNO,44.447923345,11.31510606,57.03448275862069,bus
VILLA SAMPIERA,44.47460385,11.34818703,57.03448275862069,bus
OSSERVANZA,44.48110089,11.32667229,57.03448275862069,bus
CASA CANTINELLA,44.455803145000004,11.319321875,57.03448275862069,bus
CAVAIONI,44.442144315,11.308140179999999,57.03448275862069,bus
BELLA RIPA,44.47418794,11.34975064,57.03448275862069,bus
SABBIUNO,44.42899395,11.314684584999998,57.03448275862069,bus
FORTE,44.453900215,11.317215855,57.03448275862069,bus
LUMIERA,44.43560086,11.313209595,57.03448275862069,bus
FONTANINA,44.47229809,11.338229585,57.03448275862069,bus
CALANCHI,44.42816867,11.31546822,57.03448275862069,bus
VILLA ALDINI,44.481090030000004,11.328805235,57.03448275862069,bus
LASTRE,44.44898842,11.32345062,57.03448275862069,bus
CA` DI SAVINI,44.458285095,11.32167292,57.03448275862069,bus
BIVIO GAIBOLA,44.462091275000006,11.32580362,57.03448275862069,bus
GAIBOLA CHIESA,44.462911065,11.319595955,57.03448275862069,bus
RONCRIO,44.46808275,11.33704679,57.03448275862069,bus
VILLA GUASTAVILLANI,44.46747606,11.34643412,57.03448275862069,bus
CA` BRUCIATA,44.43862545,11.309352585,57.03448275862069,bus
SAN SISTO,44.52005217,11.400761135,49.73076923076923,bus
MENARINI,44.51847915,11.39712498,49.73076923076923,bus
SAN DONATO 240-246,44.5229935,11.40759946,49.73076923076923,bus
PICCOLO COW BOY,44.52441574,11.41115161,49.73076923076923,bus
PARCHEGGIO TANARI,44.50688306,11.32676097,48.0,bus
ROTONDA C.N.R.,44.5219928,11.33774559,48.0,bus
MALVASIA,44.5029793,11.32551906,48.0,bus
SCALO SAN DONATO,44.50778175,11.39662138,40.0,bus
CASAGLIA 53,44.47247225,11.30836187,37.0,bus
CASAGLIA CHIESA,44.464835539999996,11.300820105,37.0,bus
SAN LUCA 35,44.48076015,11.30073141,37.0,bus
CASAGLIA SCUOLE,44.47754321,11.30990808,37.0,bus
SAN LUCA 15,44.48567768,11.30227354,37.0,bus
CASAGLIA 63,44.46077129,11.299905395,37.0,bus
CASAGLIA 64,44.457410550000006,11.299103505000001,37.0,bus
CASAGLIA 53/2,44.47022081,11.30405582,37.0,bus
CASAGLIA 32-34,44.4839101,11.31297474,37.0,bus
MONTE ALBANO 21,44.46767869,11.3015459,37.0,bus
MONTE ALBANO GESSAROLI,44.46682433,11.29227294,37.0,bus
MONTE ALBANO 11,44.47553604,11.29373083,37.0,bus
MONTE PRADONE 66,44.45364398,11.29795109,37.0,bus
MONTE ALBANO 38,44.46964072,11.30201907,37.0,bus
BASILICA DI SAN LUCA,44.47933249,11.29640943,37.0,bus
MONTE PRADONE,44.45119013,11.29619267,37.0,bus
MONTE ALBANO 15,44.47105934,11.29334558,37.0,bus
FIORINI,44.51368852,11.42155049,33.69230769230769,bus
COMMERCIO ASSOCIATO,44.51764753,11.40178297,33.69230769230769,bus
FRULLO (BIVIO),44.52754571,11.41780597,33.69230769230769,bus
CARNACINI,44.51574326,11.3986321,33.69230769230769,bus
QUARTO CENTRO,44.52993971,11.42205819,33.69230769230769,bus
FACOLTA` DI AGRARIA,44.513307749999996,11.407177965,33.69230769230769,bus
ROTONDA BARONI,44.515282150000004,11.40140659,33.69230769230769,bus
BELLARIA VECCHIA,44.46250437,11.40464699,30.0,bus
SAN LAZZARO MARZABOTTO,44.46354554,11.40765176,30.0,bus
CROARA BIVIO,44.464254685,11.400268709999999,30.0,bus
PONTEBUCO BIVIO,44.46308801,11.402995885,30.0,bus
SAN LAZZARO MODENA,44.465452,11.40748425,30.0,bus
HOSPICE SERAGNOLI,44.46570935,11.396200024999999,30.0,bus
ALTURA,44.46402040666667,11.393463423333335,30.0,bus
OSPEDALE BELLARIA,44.464353509999995,11.390635379999999,30.0,bus
MICHELINOFIERA NORD,44.5120748,11.3707273,1.9090909090909092,tram
ALDO MOROREGIONEFIERA,44.509514,11.3619814,1.9090909090909092,tram
FIERA PALAZZO CONGRESSI,44.511618364,11.361442742,1.9090909090909092,bus
CADRIANO ROMA,44.56156765,11.40927558,0.0,bus
CADRIANO SCUOLE ELEMENTARI,44.55625474,11.40606273,0.0,bus
ZOLA PREDOSA SAN PANCRAZIO,44.49658463,11.202284815,0.0,bus
ZOLA PREDOSA CHIESA,44.492634245000005,11.21417836,0.0,bus
ZOLA PREDOSA,44.49424938,11.208862595,0.0,bus
VILLA ZARRI,44.55955147,11.35626506,0.0,bus
CADRIANO GANDOLFI,44.55171021,11.40141147,0.0,bus
TOLARA BIVIO,44.439373759999995,11.49089812,0.0,bus
CAMPANA,44.451992794999995,11.457507875000001,0.0,bus
VIADAGOLA CENTRO SPORTIVO,44.55374694,11.43709528,0.0,bus
VIADAGOLA,44.55460178,11.434303,0.0,bus
CADRIANO,44.54962406,11.39947656,0.0,bus
CARTERIA CHIESA,44.428198205,11.3526612,0.0,bus
CARTERIA DI SESTO,44.43044068499999,11.352321284999999,0.0,bus
CARTERIA PUCCINI,44.420591295,11.349091869999999,0.0,bus
CARTERIA SCUOLE,44.42636244,11.351290843333333,0.0,bus
TREBBO RISORGIMENTO,44.55552925,11.32193213,0.0,bus
TREBBO RESISTENZA,44.55675188,11.3209373,0.0,bus
TREBBO PRONI,44.553389085,11.31826898,0.0,bus
TREBBO LAME-FOSCOLO,44.55717198,11.32158356,0.0,bus
TREBBO LAME-DON MINZONI,44.556927044999995,11.317993235,0.0,bus
TREBBO CORTICELLA-COLLODI,44.55558115,11.32478915,0.0,bus
VIADAGOLA CHIESA,44.55636187,11.42913765,0.0,bus
GRANAROLO MATTEUCCI,44.54632288,11.44362779,0.0,bus
STAZIONE CASALECCHIO GARIBALDI,44.48232086,11.2738054,0.0,bus
CICOGNA FANTINI,44.461073135,11.419523394999999,0.0,bus
PIAN DI MACINA ALLENDE,44.402185765,11.340769165000001,0.0,bus
PIAN DI MACINA GARGANELLI,44.406476705,11.343099285000001,0.0,bus
PIANORO N. BIVIO RESISTENZA,44.392190625,11.340955125,0.0,bus
PIANORO N. CAMPO SPORTIVO,44.383959704999995,11.34558294,0.0,bus
PIANORO N. DEPOSITO GAS,44.417474045,11.35114555,0.0,bus
PIANORO N. RESISTENZA,44.390969025000004,11.34350772,0.0,bus
PIANORO N. SPORT,44.38743994,11.3475891,0.0,bus
PIANORO N. VILLAGGIO MARTINO,44.390412225,11.346098545,0.0,bus
PIANORO N. ZONA ARTIGIANALE,44.395893305,11.342448715,0.0,bus
PIANORO N.MUNICIPIO,44.38496329,11.342990605,0.0,bus
PIANORO STAZIONE,44.379495954999996,11.34242213,0.0,bus
PIANORO V. FONDOVALLE SAVENA,44.37050427,11.33878144,0.0,bus
PIANORO V. MAESTA`,44.374810765,11.3404517,0.0,bus
PIANORO VECCHIO,44.372056515,11.341890865,0.0,bus
PILASTRINO DI ZOLA,44.48851931,11.225416540000001,0.0,bus
PIO LA TORRE,44.457771805,11.423696015,0.0,bus
PONTE RONCA SCUOLE,44.49942079,11.19603114,0.0,bus
BOARIA,44.41003173,11.347750155,0.0,bus
CICOGNA VIGANO`,44.459087780000004,11.422733115,0.0,bus
PIAN DI MACINA,44.399999414999996,11.34037586,0.0,bus
OZZANO PIAVE,44.441401505,11.48553376,0.0,bus
OZZANO,44.445028265,11.475936485,0.0,bus
GRANAROLO,44.55471283,11.448784325,0.0,bus
GRANAROLO SCUOLA MEDIA,44.5515947,11.44436184,0.0,bus
GRANAROLO TARTARINI,44.55723492,11.450408750000001,0.0,bus
GRANAROLO HOTEL KING,44.54176823,11.44061229,0.0,bus
IDICE,44.459944195,11.43659609,0.0,bus
IDICE TRE PONTI,44.45663000333334,11.444382556666667,0.0,bus
GRANAROLO FOGGIA NUOVA,44.53753819,11.4337605,0.0,bus
GRANAROLO DE ROSSI,44.55829624,11.45069742,0.0,bus
GRANAROLO DALLA CHIESA,44.55245249,11.44132422,0.0,bus
LAVINO DI SOPRA,44.49123117,11.218558605,0.0,bus
OLMATELLO,44.448460960000006,11.466950390000001,0.0,bus
FUNO PIAZZA RESISTENZA,44.59444432,11.36956505,0.0,bus
MARESCOTTA,44.454360199999996,11.451161710000001,0.0,bus
FUNO AGUCCHI,44.58679353,11.36871628,0.0,bus
FUNO,44.59115606,11.36843214,0.0,bus
FRABACCIA,44.56999571,11.36031238,0.0,bus
MERIDIANA CRISTONI,44.48294882,11.27137442,0.0,bus
MURA SAN CARLO,44.44975538,11.41619269,0.0,bus
MUSIANO,44.399254935,11.345396489999999,0.0,bus
CICOGNA FONDAZIONE CIRULLI,44.464440145,11.424763160000001,0.0,bus
CICOGNA DONINI,44.461551785,11.422025845,0.0,bus
CASALECCHIO C.S. ALLENDE,44.46149889,11.278971485,0.0,bus
CERETOLO VIVALDI,44.483661175,11.24606329,0.0,bus
SAN LAZZARO KENNEDY - SCORNETTA ,44.46045921,11.40922642,0.0,bus
SAN LAZZARO MUNICIPIO,44.470665485,11.408307189999999,0.0,bus
SAN LAZZARO PERTINI,44.45868499,11.40884397,0.0,bus
SAN LAZZARO PISCINA KENNEDY,44.462602075,11.409314595000001,0.0,bus
SAN LAZZARO POGGI,44.46818616,11.41473041,0.0,bus
SAN LAZZARO STAZIONE,44.47842609,11.4158108,0.0,bus
CASELLE SPERANZA,44.473608545,11.41361713,0.0,bus
CASELLE GRAMSCI,44.471256065000006,11.41066103,0.0,bus
CASELLE CA` RICCHI,44.476064199999996,11.41593568,0.0,bus
CASALECCHIO VILLA CHIARA,44.48252034,11.286636435,0.0,bus
CASALECCHIO STAZIONE,44.474835445,11.276221660000001,0.0,bus
CASALECCHIO SANTA LUCIA,44.47975164,11.26853659,0.0,bus
CASALECCHIO SAN MARTINO,44.477569215,11.28454155,0.0,bus
CASALECCHIO RONZANI,44.46515852,11.278010015,0.0,bus
CASALECCHIO PIAVE,44.4800836,11.27542143,0.0,bus
CASALECCHIO MARCONI,44.47712896,11.27759891,0.0,bus
CASALECCHIO LIDO,44.4697119,11.277515390000001,0.0,bus
CASALECCHIO CHIUSA,44.47712648,11.281217340000001,0.0,bus
CASALECCHIO CASA CONOSCENZA,44.478257235,11.276675015,0.0,bus
SAN LAZZARO KENNEDY - SCORNETTA,44.46038859,11.40918831,0.0,bus
SAN LAZZARO KENNEDY,44.464351115,11.410298435,0.0,bus
SAN LAZZARO JUSSI,44.468953385,11.41291049,0.0,bus
ROTONDA PULCE,44.45080659,11.41016954,0.0,bus
CERETOLO TENUTA LAURO,44.4816189,11.250010805,0.0,bus
GRANAROLO ROMA,44.55096686,11.44639989,0.0,bus
CERETOLO,44.48130678,11.257185284999998,0.0,bus
QUARTO S.DONATO RISORGIMENTO,44.53153443,11.42472794,0.0,bus
RASTIGNANO,44.44072981666667,11.354110563333334,0.0,bus
RIALE,44.48556862,11.23694541,0.0,bus
RIALE CENTRO,44.48459489,11.24072469,0.0,bus
RIOLO,44.435258575,11.35484308,0.0,bus
SAN BIAGIO CEFALONIA,44.455543219999996,11.274309065,0.0,bus
SAN LAZZARO GIOVANNI XXIII,44.46442148,11.411256415,0.0,bus
SAN BIAGIO MICCA,44.45723443,11.274712555,0.0,bus
SAN BIAGIO RESISTENZA,44.45532587,11.27137828,0.0,bus
SAN CAMILLO,44.44887437,11.41639794,0.0,bus
CASTEL MAGGIORE TRANCHINA,44.58067877,11.36602261,0.0,bus
CASTEL MAGGIORE BONDANELLO,44.57699025,11.36519673,0.0,bus
CASTEL MAGGIORE,44.57408868,11.36310247,0.0,bus
SAN LAZZARO CIMITERO,44.462335644999996,11.43021623,0.0,bus
SAN LAZZARO DI VITTORIO,44.467516795,11.413088975,0.0,bus
CERETOLO CHIESA,44.480678659999995,11.261246625,0.0,bus
