Station,Degree,Degree Centrality,Closeness Centrality,Betweenness Centrality,Coreness
Acton Town,4,0.013289036544850499,5.883780676024315e-05,0.11709856035437431,2
Aldgate,2,0.006644518272425249,7.93616543799515e-05,0.0031893687707641198,2
Aldgate East,3,0.009966777408637873,8.081837376461214e-05,0.206046511627907,2
All Saints,2,0.006644518272425249,6.658354623179089e-05,0.021749723145071984,2
Alperton,2,0.006644518272425249,4.8601150784825514e-05,0.044584717607973424,2
Angel,2,0.006644518272425249,8.197578566730435e-05,0.002879291251384275,2
Archway,2,0.006644518272425249,6.369616119761028e-05,0.05191583610188261,1
Arnos Grove,2,0.006644518272425249,4.584341799547526e-05,0.019800664451827245,1
Arsenal,2,0.006644518272425249,6.827777143843806e-05,0.08267995570321152,2
Baker Street,7,0.023255813953488372,8.634479250774035e-05,0.28675526024363235,2
Balham,2,0.006644518272425249,5.651851645910281e-05,0.032779623477297896,1
Bank,6,0.019933554817275746,8.452734733343988e-05,0.2419933554817276,2
Barbican,2,0.006644518272425249,8.258968512129123e-05,0.14952380952380953,2
Barking,2,0.006644518272425249,4.7533451555280046e-05,0.05191583610188261,1
Barkingside,2,0.006644518272425249,3.920739732012415e-05,0.01311184939091916,2
Barons Court,3,0.009966777408637873,7.156898669702522e-05,0.14458471760797342,2
Bayswater,2,0.006644518272425249,7.763837728515371e-05,0.05173864894795128,2
Beckton,1,0.0033222591362126247,4.652301686208032e-05,0.0,1
Beckton Park,2,0.006644518272425249,5.146035272121553e-05,0.019800664451827245,1
Becontree,2,0.006644518272425249,4.151400576534713e-05,0.03920265780730897,1
Belsize Park,2,0.006644518272425249,6.764060038344108e-05,0.04558139534883721,1
Bethnal Green,2,0.006644518272425249,7.410956972421174e-05,0.0,2
Blackfriars,2,0.006644518272425249,8.259351517268207e-05,0.023676633444075307,2
Blackhorse Road,2,0.006644518272425249,4.8614006619947475e-05,0.006644518272425249,1
Blackwall,2,0.006644518272425249,6.575085409115061e-05,0.06239202657807309,2
Bond Street,4,0.013289036544850499,8.845370172589144e-05,0.20540420819490587,2
Borough,2,0.006644518272425249,7.885271524532531e-05,0.029700996677740864,2
Boston Manor,2,0.006644518272425249,4.9824611596813235e-05,0.04558139534883721,2
Bounds Green,2,0.006644518272425249,4.84452699699743e-05,0.026312292358803988,1
Bow Church,2,0.006644518272425249,6.0596330085739755e-05,0.011650055370985605,2
Bow Road,2,0.006644518272425249,6.811423716526023e-05,0.0718936877076412,2
Brent Cross,2,0.006644518272425249,5.183469734938919e-05,0.026312292358803988,1
Bromley-By-Bow,2,0.006644518272425249,6.561199911909045e-05,0.06753045404208195,2
Burnt Oak,2,0.006644518272425249,4.208246352261629e-05,0.006644518272425249,1
Caledonian Road,2,0.006644518272425249,7.506065212486035e-05,0.09468438538205981,2
Camden Town,4,0.013289036544850499,7.73001405622409e-05,0.12666666666666668,2
Canary Wharf,4,0.013289036544850499,6.816342168186754e-05,0.08301218161683278,2
Cannon Street,2,0.006644518272425249,8.041130807209614e-05,0.018803986710963456,2
Canons Park,2,0.006644518272425249,4.1079437299596685e-05,0.006644518272425249,1
Chalk Farm,2,0.006644518272425249,7.23060407911149e-05,0.05191583610188261,1
Chancery Lane,2,0.006644518272425249,8.658170126116967e-05,0.09984496124031009,2
Charing Cross,3,0.009966777408637873,8.812010984124836e-05,0.0702547065337763,2
Chigwell,2,0.006644518272425249,3.7758247380345036e-05,0.007242524916943522,2
Chiswick Park,2,0.006644518272425249,6.1015162550370846e-05,0.0,2
Clapham Common,2,0.006644518272425249,6.466942672909932e-05,0.04558139534883721,1
Clapham North,2,0.006644518272425249,6.74994327757608e-05,0.05191583610188261,1
Clapham South,2,0.006644518272425249,6.016171109929462e-05,0.03920265780730897,1
Colindale,2,0.006644518272425249,4.440858695907775e-05,0.013244739756367665,1
Colliers Wood,2,0.006644518272425249,4.78109788108765e-05,0.013244739756367665,1
Covent Garden,2,0.006644518272425249,8.767826185393374e-05,0.019091915836101883,2
Crossharbour & London Arena,2,0.006644518272425249,6.333599072819745e-05,0.04558139534883721,1
Custom House,2,0.006644518272425249,5.68673167332599e-05,0.03920265780730897,1
Cyprus,2,0.006644518272425249,4.988689114763603e-05,0.013244739756367665,1
Dagenham East,2,0.006644518272425249,3.745091099915228e-05,0.026312292358803988,1
Dagenham Heathway,2,0.006644518272425249,3.9334979672206016e-05,0.032779623477297896,1
Devons Road,2,0.006644518272425249,6.226873989907943e-05,0.016522702104097453,2
Dollis Hill,2,0.006644518272425249,5.837720429641573e-05,0.008017718715393134,2
Ealing Broadway,2,0.006644518272425249,5.4838586107284104e-05,0.013156146179401994,2
Ealing Common,3,0.009966777408637873,5.660980518800355e-05,0.0672203765227021,2
Earl's Court,6,0.019933554817275746,7.55629797301152e-05,0.20066445182724255,2
Eastcote,2,0.006644518272425249,3.9693396899173616e-05,0.032779623477297896,1
East Acton,2,0.006644518272425249,6.31612572114109e-05,0.05293466223698782,2
East Finchley,2,0.006644518272425249,5.314646708843692e-05,0.03920265780730897,1
East Ham,2,0.006644518272425249,5.226770707100576e-05,0.05820598006644519,1
East India,2,0.006644518272425249,6.474629457112211e-05,0.05787375415282393,2
East Putney,2,0.006644518272425249,5.8325354040013426e-05,0.019800664451827245,1
Edgware,1,0.0033222591362126247,3.970638961420853e-05,0.0,1
Edgware Road (B),2,0.006644518272425249,8.336083813934832e-05,0.12522702104097452,2
Edgware Road (C),2,0.006644518272425249,8.308117740326203e-05,0.0,2
Elephant & Castle,3,0.009966777408637873,8.035398053552714e-05,0.0318936877076412,2
Elm Park,2,0.006644518272425249,3.454072797217577e-05,0.019800664451827245,1
Embankment,4,0.013289036544850499,8.784130694211024e-05,0.07191583610188262,2
Euston,4,0.013289036544850499,8.5042881997794e-05,0.16130675526024363,2
Euston Square,2,0.006644518272425249,8.514290880185973e-05,0.10411960132890366,2
Fairlop,2,0.006644518272425249,3.7615742691731463e-05,0.006976744186046512,2
Farringdon,2,0.006644518272425249,8.285624266611533e-05,0.14978959025470653,2
Finchley Central,3,0.009966777408637873,4.71585219098284e-05,0.03286821705426357,1
Finchley Road,4,0.013289036544850499,7.156451910669912e-05,0.16591362126245848,2
Finsbury Park,4,0.013289036544850499,6.572830041633584e-05,0.0775858250276855,2
Fulham Broadway,2,0.006644518272425249,6.90528440253295e-05,0.03920265780730897,1
Gallions Reach,2,0.006644518272425249,4.85909358942811e-05,0.006644518272425249,1
Gants Hill,2,0.006644518272425249,4.357710209630452e-05,0.02549280177187154,2
Gloucester Road,3,0.009966777408637873,7.82335556170412e-05,0.16704318936877077,2
Golders Green,2,0.006644518272425249,5.583934581915236e-05,0.032779623477297896,1
Goldhawk Road,2,0.006644518272425249,6.6418673875267e-05,0.0067331118493909195,2
Goodge Street,2,0.006644518272425249,8.622400899504438e-05,0.011561461794019933,2
Grange Hill,2,0.006644518272425249,3.612115798516448e-05,0.0009080841638981175,2
Great Portland Street,2,0.006644518272425249,8.51248251827722e-05,0.10409745293466224,2
Greenford,2,0.006644518272425249,4.423618258723887e-05,0.026312292358803988,1
Green Park,6,0.019933554817275746,8.827061737182435e-05,0.10292358803986712,2
Gunnersbury,2,0.006644518272425249,5.798257067969732e-05,0.013244739756367665,1
Hainault,2,0.006644518272425249,3.660874548338204e-05,0.0008194905869324475,2
Hammersmith,4,0.013289036544850499,6.89582890692178e-05,0.1459136212624585,2
Hampstead,2,0.006644518272425249,6.280263025211832e-05,0.03920265780730897,1
Hanger Lane,2,0.006644518272425249,5.2980456067008795e-05,0.03920265780730897,1
Harlesden,2,0.006644518272425249,5.2362356788284306e-05,0.03920265780730897,1
Harrow & Wealdston,1,0.0033222591362126247,3.6377858469013535e-05,0.0,1
Harrow-on-the-Hill,3,0.009966777408637873,4.530959371928858e-05,0.12070874861572536,2
Hatton Cross,3,0.009966777408637873,3.5740233095300806e-05,0.013244739756367665,2
"Heathrow Terminals 1, 2 & 3",2,0.006644518272425249,3.3246528900259404e-05,0.0,2
Heathrow Terminal 4,2,0.006644518272425249,3.348794921051216e-05,0.0,2
Hendon Central,2,0.006644518272425249,4.909687944321552e-05,0.019800664451827245,1
Heron Quays,2,0.006644518272425249,6.728508122142157e-05,0.05820598006644519,1
High Street Kensington,3,0.009966777408637873,7.656951004075806e-05,0.04440753045404208,2
Highbury & Islington,2,0.006644518272425249,7.384232226336857e-05,0.0,2
Highgate,2,0.006644518272425249,5.8207195566578895e-05,0.04558139534883721,1
Hillingdon,2,0.006644518272425249,3.3654425296831776e-05,0.006644518272425249,1
Holborn,4,0.013289036544850499,8.839749218180862e-05,0.11636766334440754,2
Holland Park,2,0.006644518272425249,7.489130355414133e-05,0.06715393133997785,2
Holloway Road,2,0.006644518272425249,7.199374648681479e-05,0.08870431893687708,2
Hornchurch,2,0.006644518272425249,3.2856633936295465e-05,0.013244739756367665,1
Hounslow Central,2,0.006644518272425249,4.159296387046273e-05,0.026312292358803988,2
Hounslow East,2,0.006644518272425249,4.2862483142212995e-05,0.032779623477297896,2
Hounslow West,2,0.006644518272425249,3.945086172779453e-05,0.019800664451827245,2
Hyde Park Corner,2,0.006644518272425249,8.427950385113816e-05,0.06334440753045405,2
Ickenham,2,0.006644518272425249,3.48742190856567e-05,0.013244739756367665,1
Island Gardens,2,0.006644518272425249,5.9462830613736483e-05,0.032779623477297896,1
Kennington,3,0.009966777408637873,7.78464741791028e-05,0.037475083056478405,2
Kensal Green,2,0.006644518272425249,5.940465994252775e-05,0.05191583610188261,1
Kensington (Olympia),1,0.0033222591362126247,6.950681400188823e-05,0.0,1
Kentish Town,2,0.006644518272425249,7.07409136478592e-05,0.06445182724252492,1
Kenton,2,0.006644518272425249,3.8889945865475685e-05,0.006644518272425249,1
Kew Gardens,2,0.006644518272425249,5.270601882084019e-05,0.006644518272425249,1
Kilburn,2,0.006644518272425249,6.546711339876981e-05,0.01825027685492802,2
Kilburn Park,2,0.006644518272425249,6.781705774755837e-05,0.06445182724252492,1
Kingsbury,2,0.006644518272425249,4.63656509810911e-05,0.019800664451827245,1
King's Cross St. Pancras,7,0.023255813953488372,8.643516166554667e-05,0.23534883720930233,2
Knightsbridge,2,0.006644518272425249,8.205048774936886e-05,0.059534883720930236,2
Ladbroke Grove,2,0.006644518272425249,6.984112531502525e-05,0.012380952380952381,2
Lambeth North,2,0.006644518272425249,8.3245090667982e-05,0.007884828349944629,2
Lancaster Gate,2,0.006644518272425249,8.096152614729503e-05,0.05187153931339978,2
Latimer Road,2,0.006644518272425249,6.808128222198606e-05,0.008128460686600222,2
Leicester Square,4,0.013289036544850499,8.837139971461386e-05,0.031052048726467333,2
Leyton,2,0.006644518272425249,5.7464008326162944e-05,0.11867109634551495,2
Leytonstone,3,0.009966777408637873,5.3163226649500125e-05,0.11346622369878184,2
Limehouse,2,0.006644518272425249,7.2659415504817e-05,0.11944629014396457,2
Liverpool Street,5,0.016611295681063124,8.292961339867341e-05,0.2036544850498339,2
London Bridge,4,0.013289036544850499,8.156266584591519e-05,0.07211517165005538,2
Maida Vale,2,0.006644518272425249,7.15017651947858e-05,0.07065337763012182,1
Manor House,2,0.006644518272425249,6.159787997614736e-05,0.04558139534883721,1
Mansion House,2,0.006644518272425249,8.104875725984832e-05,0.021218161683277965,2
Marble Arch,2,0.006644518272425249,8.534367377719289e-05,0.05548172757475083,2
Marylebone,2,0.006644518272425249,8.48668846125618e-05,0.12843853820598009,2
Mile End,4,0.013289036544850499,7.054913284144637e-05,0.18888150609080842,2
Mill Hill East,1,0.0033222591362126247,4.421890165773949e-05,0.0,1
Monument,2,0.006644518272425249,7.996583762806805e-05,0.01681063122923588,2
Moorgate,4,0.013289036544850499,8.346841246820451e-05,0.15700996677740864,2
Moor Park,3,0.009966777408637873,3.2526390400005475e-05,0.04580287929125139,1
Morden,1,0.0033222591362126247,4.273186284446529e-05,0.0,1
Mornington Crescent,2,0.006644518272425249,8.062619594913547e-05,0.0,2
Mudchute,2,0.006644518272425249,6.107240438076307e-05,0.03920265780730897,1
Neasden,2,0.006644518272425249,5.626545818136773e-05,0.0029014396456256922,2
Newbury Park,2,0.006644518272425249,4.085473212079677e-05,0.019246954595791805,2
Northfields,2,0.006644518272425249,5.195025838423255e-05,0.05191583610188261,2
Northolt,2,0.006644518272425249,4.115768292709819e-05,0.019800664451827245,1
Northwick Park,2,0.006644518272425249,4.6878125155313e-05,0.10850498338870433,2
Northwood,2,0.006644518272425249,3.4793679379573707e-05,0.05191583610188261,1
Northwood Hills,2,0.006644518272425249,3.668254435421349e-05,0.05820598006644519,1
North Acton,3,0.009966777408637873,6.0438273148711026e-05,0.05705426356589147,2
North Ealing,2,0.006644518272425249,5.465587336697062e-05,0.054795127353266894,2
North Harrow,2,0.006644518272425249,4.198752336443597e-05,0.07065337763012182,1
North Wembley,2,0.006644518272425249,4.273445872934537e-05,0.019800664451827245,1
Notting Hill Gate,4,0.013289036544850499,7.827066523207907e-05,0.1089922480620155,2
Old Street,2,0.006644518272425249,8.060533208977874e-05,0.00248062015503876,2
Osterley,2,0.006644518272425249,4.4585688188279394e-05,0.03920265780730897,2
Oval,2,0.006644518272425249,7.347563413520107e-05,0.03242524916943522,2
Oxford Circus,6,0.019933554817275746,8.958582697680637e-05,0.23291251384274642,2
Paddington,5,0.016611295681063124,8.10516431586282e-05,0.14496124031007754,2
Park Royal,2,0.006644518272425249,5.223510275638353e-05,0.04967884828349945,2
Parsons Green,2,0.006644518272425249,6.595014401265476e-05,0.032779623477297896,1
Perivale,2,0.006644518272425249,4.7659576762740505e-05,0.032779623477297896,1
Picadilly Circus,4,0.013289036544850499,8.860561089801876e-05,0.058294573643410855,2
Pimlico,2,0.006644518272425249,7.841042092699884e-05,0.04516057585825028,2
Pinner,2,0.006644518272425249,3.962959728206927e-05,0.06445182724252492,1
Plaistow,2,0.006644518272425249,5.971961245880132e-05,0.07065337763012182,1
Poplar,4,0.013289036544850499,6.828517877524968e-05,0.09362126245847177,2
Preston Road,2,0.006644518272425249,4.9368324950988385e-05,0.11260243632336656,2
Prince Regent,2,0.006644518272425249,5.560056469356272e-05,0.032779623477297896,1
Putney Bridge,2,0.006644518272425249,6.214652194799943e-05,0.026312292358803988,1
Queen's Park,2,0.006644518272425249,6.471183690711822e-05,0.05820598006644519,1
Queensbury,2,0.006644518272425249,4.398590806773061e-05,0.013244739756367665,1
Queensway,2,0.006644518272425249,7.86392699000552e-05,0.048925802879291255,2
Ravenscourt Park,2,0.006644518272425249,6.67970204860231e-05,0.005382059800664452,2
Rayners Lane,3,0.009966777408637873,4.258249981753557e-05,0.06077519379844962,2
Redbridge,2,0.006644518272425249,4.636213559715517e-05,0.031849390919158366,2
Regent's Park,2,0.006644518272425249,8.570889022132529e-05,0.0,2
Richmond,1,0.0033222591362126247,4.7931716973838785e-05,0.0,1
Roding Valley,2,0.006644518272425249,4.09751007784625e-05,0.013576965669988927,2
Rotherhithe,2,0.006644518272425249,7.204208773284201e-05,0.00292358803986711,2
Royal Albert,2,0.006644518272425249,5.3030902621153214e-05,0.026312292358803988,1
Royal Oak,2,0.006644518272425249,7.635636193734777e-05,0.022015503875968994,2
Royal Victoria,2,0.006644518272425249,5.89821209597676e-05,0.04558139534883721,1
Ruislip,2,0.006644518272425249,3.7155968509618545e-05,0.019800664451827245,1
Ruislip Manor,2,0.006644518272425249,3.8035085023142285e-05,0.026312292358803988,1
Russell Square,2,0.006644518272425249,8.548024661767333e-05,0.014750830564784054,2
Seven Sisters,2,0.006644518272425249,5.5225552438265036e-05,0.019800664451827245,1
Shadwell,5,0.016611295681063124,7.697953738170036e-05,0.14068660022148394,2
Shepherd's Bush (C),2,0.006644518272425249,7.096276829302599e-05,0.061926910299003324,2
Shepherd's Bush (H),2,0.006644518272425249,6.598369334774159e-05,0.005714285714285714,2
Shoreditch,1,0.0033222591362126247,7.376157957788884e-05,0.0,1
Sloane Square,2,0.006644518272425249,8.167184479627991e-05,0.11089700996677741,2
Snaresbrook,2,0.006644518272425249,4.913170661403748e-05,0.06343300110741971,2
Southfields,2,0.006644518272425249,5.369924008993324e-05,0.013244739756367665,1
South Ealing,2,0.006644518272425249,5.329875417952192e-05,0.05820598006644519,2
South Harrow,2,0.006644518272425249,4.186313767828591e-05,0.03007751937984496,2
South Kensington,3,0.009966777408637873,7.97879310469548e-05,0.16912513842746402,2
South Kenton,2,0.006644518272425249,4.109879848518457e-05,0.013244739756367665,1
South Quay,2,0.006644518272425249,6.589030687625528e-05,0.05191583610188261,1
South Ruislip,2,0.006644518272425249,3.7666094702071104e-05,0.013244739756367665,1
South Wimbledon,2,0.006644518272425249,4.560967576972066e-05,0.006644518272425249,1
South Woodford,2,0.006644518272425249,4.644020082887797e-05,0.057297895902547066,2
Stamford Brook,2,0.006644518272425249,6.491659661345475e-05,0.0012181616832779624,2
Stanmore,1,0.0033222591362126247,3.884354279042823e-05,0.0,1
Stepney Green,2,0.006644518272425249,7.400088972757933e-05,0.1916279069767442,2
Stockwell,4,0.013289036544850499,7.185403859933821e-05,0.06622369878183831,2
Stonebridge Park,2,0.006644518272425249,4.8601725230581085e-05,0.032779623477297896,1
Stratford,4,0.013289036544850499,6.270035036470125e-05,0.13043189368770766,2
St. James's Park,2,0.006644518272425249,8.434316339739116e-05,0.0993576965669989,2
St. John's Wood,2,0.006644518272425249,7.724264601213073e-05,0.005825027685492802,2
St. Paul's,2,0.006644518272425249,8.454992534606996e-05,0.09787375415282393,2
Sudbury Hill,2,0.006644518272425249,4.353274028656588e-05,0.03450719822812846,2
Sudbury Town,2,0.006644518272425249,4.595359158725543e-05,0.03953488372093023,2
Surrey Quays,3,0.009966777408637873,7.002430498545222e-05,0.013266888150609082,1
Swiss Cottage,2,0.006644518272425249,7.321027582555924e-05,0.0007973421926910299,2
Temple,2,0.006644518272425249,8.474164215602182e-05,0.02640088593576966,2
Tooting Bec,2,0.006644518272425249,5.3781005529219354e-05,0.026312292358803988,1
Tooting Broadway,2,0.006644518272425249,5.0811634851911545e-05,0.019800664451827245,1
Tottenham Court Road,4,0.013289036544850499,8.892358633037377e-05,0.10560354374307863,2
Tottenham Hale,2,0.006644518272425249,5.168404298185827e-05,0.013244739756367665,1
Tower Gateway,1,0.0033222591362126247,7.013332971209065e-05,0.0,1
Tower Hill,3,0.009966777408637873,7.967122857575429e-05,0.017918050941306756,2
Tufnell Park,2,0.006644518272425249,6.762729586415568e-05,0.05820598006644519,1
Turnham Green,5,0.016611295681063124,6.335792233689465e-05,0.13105204872646734,2
Turnpike Lane,2,0.006644518272425249,5.455885896503605e-05,0.03920265780730897,1
Upminster,1,0.0033222591362126247,3.0510023988160255e-05,0.0,1
Upminster Bridge,2,0.006644518272425249,3.1623510039008205e-05,0.006644518272425249,1
Upney,2,0.006644518272425249,4.467592244965174e-05,0.04558139534883721,1
Upton Park,2,0.006644518272425249,5.581346588106944e-05,0.06445182724252492,1
Uxbridge,1,0.0033222591362126247,3.138812442016504e-05,0.0,1
Vauxhall,2,0.006644518272425249,7.492861857586994e-05,0.03955703211517165,2
Victoria,4,0.013289036544850499,8.520006265239615e-05,0.14726467331118495,2
Walthamstow Central,1,0.0033222591362126247,4.5140656171273544e-05,0.0,1
Wanstead,2,0.006644518272425249,4.884715318427371e-05,0.038183831672203766,2
Wapping,2,0.006644518272425249,7.294209939652684e-05,0.005692137320044297,2
Warren Street,3,0.009966777408637873,8.60616338568666e-05,0.10631229235880399,2
Warwick Avenue,2,0.006644518272425249,7.514739674999579e-05,0.07681063122923588,1
Waterloo,6,0.019933554817275746,8.681828130387617e-05,0.14589147286821708,2
Wembley Central,2,0.006644518272425249,4.50588190782377e-05,0.026312292358803988,1
Wembley Park,4,0.013289036544850499,5.1880041059542185e-05,0.13946843853820598,2
Westbourne Park,2,0.006644518272425249,7.254225419830967e-05,0.016965669988925805,2
Westferry,3,0.009966777408637873,6.994917666874142e-05,0.11574750830564785,2
Westminster,4,0.013289036544850499,8.672239568386794e-05,0.10651162790697676,2
West Acton,2,0.006644518272425249,5.69581303228433e-05,0.015548172757475083,2
West Brompton,2,0.006644518272425249,7.268540139584473e-05,0.04558139534883721,1
West Finchley,2,0.006644518272425249,4.511573713852652e-05,0.019800664451827245,1
West Ham,4,0.013289036544850499,6.266775419714914e-05,0.08502768549280178,2
West Hampstead,2,0.006644518272425249,6.882486240944711e-05,0.023344407530454043,2
West Harrow,2,0.006644518272425249,4.396022570120511e-05,0.0559468438538206,2
West India Quay,3,0.009966777408637873,6.873395914842599e-05,0.06635658914728683,2
West Kensington,2,0.006644518272425249,7.325961423456258e-05,0.0,2
West Ruislip,1,0.0033222591362126247,3.38247162060198e-05,0.0,1
Whitechapel,4,0.013289036544850499,7.811959699310594e-05,0.20954595791805095,2
White City,2,0.006644518272425249,6.788296306540578e-05,0.057231450719822816,2
Willesden Green,2,0.006644518272425249,6.1782920338996e-05,0.013133997785160577,2
Willesden Junction,2,0.006644518272425249,5.449544771391891e-05,0.04558139534883721,1
Wimbledon,1,0.0033222591362126247,4.659994537439812e-05,0.0,1
Wimbledon Park,2,0.006644518272425249,5.013660001773989e-05,0.006644518272425249,1
Woodford,3,0.009966777408637873,4.3188941878820035e-05,0.05193798449612404,2
Woodside Park,2,0.006644518272425249,4.3286569426129775e-05,0.013244739756367665,1
Wood Green,2,0.006644518272425249,5.203635231736755e-05,0.032779623477297896,1
Brixton,1,0.0033222591362126247,6.608451089023147e-05,0.0,1
Amersham,1,0.0033222591362126247,2.2924847321001397e-05,0.0,1
Bermondsey,2,0.006644518272425249,7.518225768319657e-05,0.04753045404208195,2
Chesham,1,0.0033222591362126247,2.1847610865929457e-05,0.0,1
Chalfont & Latimer,3,0.009966777408637873,2.475453233313403e-05,0.013266888150609082,1
Chorleywood,2,0.006644518272425249,2.6924542720475746e-05,0.019800664451827245,1
Rickmansworth,2,0.006644518272425249,2.9626806033302373e-05,0.026312292358803988,1
Croxley,2,0.006644518272425249,3.0505289177402534e-05,0.006644518272425249,1
Watford,1,0.0033222591362126247,2.876903855701263e-05,0.0,1
Ruislip Gardens,2,0.006644518272425249,3.6449377090031255e-05,0.006644518272425249,1
High Barnet,1,0.0033222591362126247,3.7054003478259064e-05,0.0,1
Totteridge & Whetstone,2,0.006644518272425249,4.0771512489538654e-05,0.006644518272425249,1
Cockfosters,1,0.0033222591362126247,3.759944539476209e-05,0.0,1
Oakwood,2,0.006644518272425249,3.954050281836882e-05,0.006644518272425249,1
Southgate,2,0.006644518272425249,4.2417050198980766e-05,0.013244739756367665,1
Epping,1,0.0033222591362126247,2.8727326603832224e-05,0.0,1
Theydon Bois,2,0.006644518272425249,3.099292255009244e-05,0.006644518272425249,1
Debden,2,0.006644518272425249,3.437775903322171e-05,0.013244739756367665,1
Loughton,2,0.006644518272425249,3.685782399222132e-05,0.019800664451827245,1
Buckhurst Hill,2,0.006644518272425249,3.930723789461582e-05,0.026312292358803988,1
Pudding Mill Lane,2,0.006644518272425249,5.9552764497706644e-05,0.011495016611295681,2
Southwark,2,0.006644518272425249,8.3582241902325e-05,0.03479512735326689,2
Canada Water,4,0.013289036544850499,7.288314037171845e-05,0.05171650055370986,2
Canning Town,4,0.013289036544850499,6.22098560183843e-05,0.061461794019933555,2
North Greenwich,2,0.006644518272425249,6.209078983577107e-05,0.0,2
Cutty Sark,2,0.006644518272425249,5.782671950854493e-05,0.026312292358803988,1
Greenwich,2,0.006644518272425249,5.5841101385450134e-05,0.019800664451827245,1
Deptford Bridge,2,0.006644518272425249,5.391516419043842e-05,0.013244739756367665,1
Elverson Road,2,0.006644518272425249,5.224709023422011e-05,0.006644518272425249,1
Lewisham,1,0.0033222591362126247,5.103114014952179e-05,0.0,1
New Cross,1,0.0033222591362126247,6.0993808467739326e-05,0.0,1
New Cross Gate,1,0.0033222591362126247,6.134752892696143e-05,0.0,1
