Station_ID,Station_Name,Latitude,Longitude,Community_ID
1,STAZIONE CENTRALE,44.50576575,11.34317589,3
10,PORTA GALLIERA,44.50444281,11.3463873,1
100,PIAZZA MAGGIORE,44.4943692,11.3436723,9
10001,IDICE,44.45985295,11.43665318,1
10002,IDICE,44.46003544,11.436539,1
10003,IDICE TRE PONTI,44.45657296,11.44419111,1
10005,IDICE TRE PONTI,44.45650543,11.44466436,1
10006,IDICE TRE PONTI,44.45681162,11.4442922,1
10009,MARESCOTTA,44.45412812,11.4516194,1
10010,MARESCOTTA,44.45459228,11.45070402,1
10013,CAMPANA,44.45203565,11.45708549,1
10014,CAMPANA,44.45194994,11.45793026,1
10017,OLMATELLO,44.4483912,11.46692389,1
10018,OLMATELLO,44.44853072,11.46697689,1
1002,PORTA MAGGIORE,44.48988493,11.3581904,1
10021,OZZANO,44.44511505,11.47556707,1
10022,OZZANO,44.44494148,11.4763059,1
10025,OZZANO PIAVE,44.44142188,11.48524403,1
10026,OZZANO PIAVE,44.44138113,11.48582349,1
10029,TOLARA BIVIO,44.43938928,11.49070244,1
1003,PORTA MAGGIORE,44.48966894,11.35829567,1
10030,TOLARA BIVIO,44.43935824,11.4910938,1
1004,ALBERTONI,44.48783117,11.36336834,1
1005,ALBERTONI,44.48791017,11.36291271,1
1006,ALEMANNI - AGEOP RICERCA,44.48656268,11.36676841,1
1008,ALBERTONI,44.48854535,11.36159918,0
1009,ALEMANNI - AGEOP RICERCA,44.48711477,11.36507885,1
1010,LAURA BASSI,44.48517234,11.37050999,1
1011,LAURA BASSI,44.48551226,11.36939589,1
1012,FERMI,44.48393846,11.37375786,1
1013,FERMI,44.48439907,11.37225258,1
1018,MAZZINI STAZIONE,44.48301643,11.37596748,1
1019,MAZZINI STAZIONE,44.48274896,11.3765445,1
1020,PONTEVECCHIO,44.4818874,11.37906298,1
1021,PONTEVECCHIO,44.48143292,11.38045916,1
1022,VILLA PARADISO,44.48107787,11.38159216,1
1025,VILLA LAURA,44.47933254,11.38525491,1
1026,VILLA LAURA,44.47921225,11.38597617,1
1027,ARNO,44.47716644,11.39119186,1
1028,ARNO,44.47782387,11.38980964,1
1031,EMILIA CALABRIA,44.47836855,11.38795363,1
1033,VILLAGGIO DUE MADONNE,44.47559917,11.39517569,1
1034,VILLAGGIO DUE MADONNE,44.47571733,11.39530941,1
1035,PARCO DEI CEDRI,44.47357286,11.40050195,1
1036,PARCO DEI CEDRI,44.47404506,11.39942556,1
1037,SAN LAZZARO FIUME SAVENA,44.47264177,11.40307018,1
1038,SAN LAZZARO FIUME SAVENA,44.47256732,11.4033563,1
1041,SAN LAZZARO VILLA RODRIGUEZ,44.47151424,11.40607324,1
1042,SAN LAZZARO VILLA RODRIGUEZ,44.4717488,11.40558676,1
1043,SAN LAZZARO MUNICIPIO,44.47072213,11.40808772,1
1044,SAN LAZZARO MUNICIPIO,44.47060884,11.40852666,1
1045,SAN LAZZARO JUSSI,44.46882273,11.4129825,1
105,RIZZOLI,44.49445532,11.34491628,1
1050,SAN LAZZARO MODENA,44.465452,11.40748425,1
1052,SAN LAZZARO MARZABOTTO,44.46354554,11.40765176,1
1053,SAN LAZZARO DI VITTORIO,44.46697213,11.41253065,1
1054,SAN LAZZARO PERTINI,44.45868499,11.40884397,1
1060,SAN LAZZARO DI VITTORIO,44.46806146,11.4136473,1
1061,SAN LAZZARO KENNEDY,44.46437648,11.41024337,1
1062,SAN LAZZARO KENNEDY,44.46432575,11.4103535,1
1063,SAN LAZZARO PISCINA KENNEDY,44.46257171,11.40926055,1
1064,SAN LAZZARO PISCINA KENNEDY,44.46263244,11.40936864,1
1065,SAN LAZZARO KENNEDY - SCORNETTA,44.46038859,11.40918831,1
1066,SAN LAZZARO KENNEDY - SCORNETTA ,44.46045921,11.40922642,1
108,PIAZZA MAGGIORE,44.49358847,11.34368217,9
109,RIZZOLI,44.49430039,11.34599708,0
11,PORTA GALLIERA,44.50449161,11.34724311,8
1101,BITONE,44.4782025,11.38478055,0
1102,BITONE,44.47979967,11.38374065,0
1103,SARDEGNA,44.47613179,11.38351974,1
1104,LOMBARDIA,44.47725295,11.38482358,0
1105,CALABRIA,44.47446643,11.38248926,1
1106,SARDEGNA,44.47574208,11.38399423,1
1109,MILANO,44.47315115,11.3813733,0
111,STRADA MAGGIORE,44.49270369,11.35025937,1
1110,CALABRIA,44.47458146,11.38288216,1
1111,CHIESA SAN LORENZO,44.47183158,11.3833702,0
1112,CHIESA SAN LORENZO,44.4726061,11.38166152,0
1114,MAZZONI,44.4715351,11.3856349,0
1117,MAZZONI,44.47148021,11.38529949,0
1118,FIRENZE,44.46996536,11.38563064,0
1119,FIRENZE,44.47076787,11.38575764,0
112,PIAZZA GALVANI,44.49214571,11.3432716,9
1120,LONGO CAVAZZONI,44.46820727,11.38521562,0
1121,LONGO CAVAZZONI,44.46839077,11.38505023,0
1122,PIAZZALE ATLETI AZZURRI,44.46423946,11.38201422,0
1124,LONGO,44.46617303,11.38457959,0
1125,LONGO,44.46603437,11.38407893,0
1128,BELLARIA LOMBARDIA,44.47678565,11.38618372,0
113,GARGANELLI,44.49055523,11.35073426,1
1131,BELLARIA LOMBARDIA,44.47590469,11.38734889,0
1133,CENTRO CIVICO MAZZINI,44.47433947,11.39023157,0
1134,CENTRO CIVICO MAZZINI,44.47462755,11.38993607,0
1135,GENOVA,44.47276477,11.3943501,0
1136,GENOVA,44.47295165,11.39447981,0
114,PIAZZA GALVANI,44.49205677,11.34335528,9
1141,ADIGE,44.47738475,11.37991019,1
1142,ADIGE,44.47747247,11.3795892,1
1143,VENEZIA GIULIA,44.47829118,11.38177267,1
1144,VENEZIA GIULIA,44.47834279,11.38188794,1
1151,FAENZA,44.47323192,11.38776918,2
1152,CENTRO GALLIA,44.46959578,11.38427977,2
1153,ARNO,44.47644313,11.39013046,2
1154,FAENZA,44.47307458,11.38749008,2
1156,ARNO,44.47684266,11.39012871,2
117,TORLEONE,44.49089016,11.35504035,1
12,BORGO,44.50276435,11.35117478,1
1201,OSPEDALE MALPIGHI,44.48856617,11.36639517,1
1202,OSPEDALE MALPIGHI,44.4892827,11.36676293,3
1203,PIZZARDI,44.48980543,11.36857938,3
1204,MENGOLI,44.4883403,11.37001428,3
1205,MENGOLI,44.48867202,11.3722207,3
1206,AZZURRA,44.48650964,11.37319804,3
1209,AZZURRA,44.48639962,11.3730238,3
1210,FOSSOLO,44.48605978,11.37718754,3
1211,FOSSOLO,44.48604793,11.37699998,3
1212,FELSINA,44.48389232,11.38097107,3
1213,FELSINA,44.48382161,11.38085502,3
1214,ALLENDE,44.48287523,11.38522015,3
1217,ALLENDE,44.48271796,11.38596117,3
1218,LINCOLN,44.48214269,11.38988891,3
1219,LINCOLN,44.48203407,11.38996706,3
1251,MENGOLI,44.48951586,11.37160488,4
1252,MENGOLI,44.48914569,11.37157495,8
1253,AGNESI,44.48774995,11.37042659,4
1254,AGNESI,44.48617901,11.36958558,8
1263,POMPONAZZI,44.48067855,11.390118,3
1264,POMPONAZZI,44.48080023,11.39011119,3
1266,BOMBICCI,44.47920469,11.39432897,3
13,BORGO,44.50300565,11.35126076,8
1301,DANTE,44.48741149,11.35870613,0
1302,DANTE,44.48766732,11.35969502,0
1303,PIAZZA TRENTO TRIESTE,44.48674516,11.36230943,0
1304,PIAZZA TRENTO TRIESTE,44.48662986,11.3614869,0
1305,SAVIOLI,44.48582584,11.36462145,0
1306,SAVIOLI,44.48436977,11.36308471,0
1309,MEZZOFANTI,44.48351186,11.36500706,0
1310,MEZZOFANTI,44.48345442,11.36552505,0
1311,ALBINI,44.48237401,11.36799951,0
1312,ALBINI,44.48209545,11.3691129,0
1313,LARGO LERCARO,44.48009905,11.37006552,0
1314,LARGO LERCARO,44.47970576,11.36992936,0
1351,ALEMANNI - AGEOP RICERCA,44.4860583,11.36585671,1
1352,ALEMANNI - AGEOP RICERCA,44.48628328,11.3662132,1
1353,LAURA BASSI,44.48524054,11.36874273,4
1354,LAURA BASSI,44.48310451,11.36750327,8
14,PORTA MASCARELLA,44.5017753,11.35373575,4
1400,FERMATA SERVIZIO DUE MADONNE,44.48480216,11.39455505,2
1401,MONDOLFO,44.48150054,11.39337072,3
1402,MONDOLFO,44.48133394,11.39305111,3
1403,DEPOSITO DUE MADONNE 1,44.4831604,11.39438962,3
1404,DEPOSITO DUE MADONNE 1,44.48320394,11.39424522,3
1405,DEPOSITO DUE MADONNE 2,44.4851561,11.39567526,2
1406,DEPOSITO DUE MADONNE 2,44.4852113,11.39548904,2
1407,CANOVA,44.48800003,11.3970888,2
1408,CANOVA,44.4880386,11.39699371,2
1412,FIORAVANTI PIAZZA LIBER PARADISUS,44.50871348,11.34035332,9
15,STAZIONE CENTRALE - MATTEOTTI,44.50499342,11.34426605,0
1501,SAN LAZZARO POGGI,44.46818616,11.41473041,1
1502,SAN LAZZARO JUSSI,44.46908404,11.41283848,1
1503,CICOGNA FONDAZIONE CIRULLI,44.46378111,11.42644798,1
1504,CICOGNA FONDAZIONE CIRULLI,44.46509918,11.42307834,1
1505,SAN LAZZARO CIMITERO,44.46219254,11.43031753,1
1506,SAN LAZZARO CIMITERO,44.46247875,11.43011493,1
16,STAZIONE CENTRALE,44.50500553,11.34337106,4
1602,CASELLE GRAMSCI,44.47130518,11.4105334,1
1603,CASELLE GRAMSCI,44.47120695,11.41078866,1
1604,CASELLE SPERANZA,44.47362928,11.41352801,1
1605,CASELLE SPERANZA,44.47358781,11.41370625,1
1606,CASELLE CA` RICCHI,44.47611226,11.41584493,1
1607,CASELLE CA` RICCHI,44.47601614,11.41602643,1
1608,SAN LAZZARO STAZIONE,44.47842609,11.4158108,1
17,PORTA MASCARELLA,44.5017886,11.35450991,8
18,PORTA SAN DONATO,44.4975665,11.35652223,1
19,PORTA SAN DONATO,44.49912108,11.35666114,8
2,STAZIONE CENTRALE,44.50514374,11.34255876,2
20,PORTA SAN VITALE,44.49451777,11.35688755,1
2000,PORTA SAN VITALE (VIA MASSARENTI),44.49390682,11.35810889,2
2001,PORTA SAN VITALE,44.49372582,11.35837279,2
2002,OSPEDALE SANT`ORSOLA,44.49279834,11.36200243,2
2003,OSPEDALE SANT`ORSOLA,44.49282613,11.36152955,2
2004,OSPEDALE SANT`ORSOLA ALBERTONI,44.49232116,11.36415193,2
2005,OSPEDALE SANT`ORSOLA ALBERTONI,44.49217793,11.36424833,2
2006,MASSARENTI,44.49267403,11.36698835,2
2008,RIMESSE STAZIONE,44.49341153,11.37342856,2
2009,MASSARENTI,44.49269931,11.36833027,2
201,PIAZZA ALDROVANDI,44.49284909,11.35166835,1
2010,TRIACHINI,44.49299884,11.37040821,2
2011,RIMESSE STAZIONE,44.49330983,11.37377345,2
2013,PARCO,44.49319694,11.37600842,2
2014,PARCO,44.4932466,11.37681224,2
2017,MASSARENTI SOTTOVIA,44.49355702,11.38162548,2
2018,MASSARENTI SOTTOVIA,44.49369241,11.38128512,2
2019,GIAMBOLOGNA,44.49318452,11.38556038,2
2020,SANTA RITA,44.49350601,11.3831264,2
2021,TANGENZIALE SAN VITALE,44.4933262,11.38960113,2
2022,GIAMBOLOGNA,44.49328239,11.38588509,2
2025,PIAZZA DEI COLORI,44.49456442,11.39854377,2
2026,TANGENZIALE SAN VITALE,44.49363923,11.38988748,2
2028,PIAZZA DEI COLORI,44.49452436,11.39723672,2
2030,BARELLI,44.4948308,11.39979076,2
21,FILOPANTI,44.49546118,11.35708657,0
2101,PALAGI,44.49131579,11.36596638,1
2103,OSPEDALE MALPIGHI,44.48777934,11.36618962,1
2105,ZANOLINI - CASA DELLE DONNE,44.4971993,11.35937211,2
2106,ZANOLINI - CASA DELLE DONNE,44.4975101,11.35941609,1
2111,MASSARENTI,44.49224921,11.36762344,3
2112,PALAGI,44.4917379,11.36655808,3
2113,ARPA,44.4914655,11.36995147,3
2114,ARPA,44.49029285,11.37087629,3
2117,VERMIGLIA,44.49092065,11.37158638,3
2118,ARCOBALENO,44.48855537,11.37350112,3
2119,ARCOBALENO,44.48891024,11.37340155,3
2120,VETULONIA,44.48731258,11.37746898,3
2121,VETULONIA,44.48707449,11.37752745,3
2122,SPINA,44.48894154,11.37806158,3
2125,SPINA,44.48917809,11.37834709,3
2126,ISTITUTO MANFREDI TANARI,44.48924791,11.38632498,3
2127,ETRURIA,44.48960438,11.38048986,3
2128,MARX,44.48576087,11.38625505,3
2129,ISTITUTO MANFREDI TANARI,44.48881017,11.38726685,3
2130,ETRURIA,44.48963887,11.38031992,3
2133,MARX,44.48574764,11.38606235,3
22,PORTA MAGGIORE,44.49188037,11.35712682,2
2201,MASIA,44.49779851,11.36402354,3
2202,MASIA,44.49656024,11.36436969,3
2203,CIRENAICA,44.49583114,11.36431032,3
2204,CIRENAICA,44.49470431,11.36465467,3
2205,BENTIVOGLI,44.49321421,11.36469034,3
2301,CROCE DEL BIACCO,44.49058182,11.39903002,2
2302,CROCE DEL BIACCO,44.49049067,11.39884236,2
2303,MARTELLI,44.49263572,11.40041286,2
2304,MARTELLI,44.49276113,11.40033548,2
2448,LARGA STAZIONE,44.49872449,11.39429361,2
2451,LARGA,44.49514563,11.39235138,2
2452,LARGA,44.49498382,11.39201774,2
2453,CARROZZAIO,44.49917004,11.39574637,2
2454,CARROZZAIO,44.49897337,11.39584051,2
2455,CERAMISTA,44.49923631,11.39760128,2
2456,CERAMISTA,44.49906873,11.39700714,2
2457,LARGA STAZIONE,44.49817673,11.39412001,2
2459,CERODOLO,44.50224546,11.39949993,2
2460,CERODOLO,44.50223632,11.39939971,2
2461,ELETTRICISTA,44.50247377,11.40175391,2
2462,ELETTRICISTA,44.50253336,11.4017831,2
2463,FONDITORE,44.50186788,11.40471579,2
2464,FONDITORE,44.50198883,11.40463664,2
2467,FRESATORE,44.50093103,11.40765296,2
2468,FRESATORE,44.50104306,11.40762378,2
2469,MURATORE,44.50080149,11.41045824,2
2470,MURATORE,44.50091919,11.41032001,2
2472,ROTONDA ACQUA FRESCA,44.50358753,11.41318729,2
2476,ROTONDA NEGRONI,44.50186699,11.41863303,2
2477,ROTONDA ACQUA FRESCA,44.50429244,11.41260627,2
2479,VETRAIO,44.50503017,11.42150395,2
2482,INDUSTRIA,44.50474693,11.39492449,2
2485,INDUSTRIA,44.50488541,11.39476033,2
2486,CARPENTIERE,44.50430621,11.39125518,2
2487,CARPENTIERE,44.50451676,11.39146428,2
2488,PILASTRO VECCHIO,44.50755804,11.38834217,2
2491,INNOCENTI,44.49989703,11.39513071,2
2492,INNOCENTI,44.49993348,11.39502607,2
2493,ENZO FERRARI,44.50241025,11.39679821,2
2494,ENZO FERRARI,44.50246172,11.396625,2
2495,SCALO SAN DONATO,44.50790239,11.3966908,2
2496,SCALO SAN DONATO,44.50766111,11.39655196,2
2497,PIANETA,44.49677196,11.39128535,2
2498,SCUOLE SCANDELLARA,44.49667121,11.38478521,2
25,PORTA SAN VITALE,44.49285467,11.35737739,0
26,CARDUCCI,44.4866652,11.35776272,4
27,PORTA MAGGIORE,44.49096432,11.35763496,2
28,PORTA SANTO STEFANO,44.48467453,11.35525385,4
29,CARDUCCI,44.48822898,11.35791928,8
3,STAZIONE CENTRALE,44.50544812,11.34379295,8
30,GIARDINI MARGHERITA,44.48500519,11.35239757,4
30001,GRANAROLO FOGGIA NUOVA,44.53753819,11.4337605,2
30003,GRANAROLO DE ROSSI,44.55829624,11.45069742,2
30005,GRANAROLO HOTEL KING,44.54176823,11.44061229,2
30009,GRANAROLO MATTEUCCI,44.54632288,11.44362779,2
30013,GRANAROLO ROMA,44.55030276,11.44607264,2
30014,GRANAROLO ROMA,44.55163096,11.44672714,2
30017,GRANAROLO,44.5548561,11.44898478,2
30018,GRANAROLO,44.55456956,11.44858387,2
30021,GRANAROLO TARTARINI,44.55692102,11.45026926,2
30022,GRANAROLO TARTARINI,44.55754882,11.45054824,2
3003,MERCATO SAN DONATO,44.50279922,11.36294734,5
3004,SANT`EGIDIO,44.49917902,11.35935844,5
3006,MERCATO SAN DONATO,44.50290911,11.36288496,5
3007,SANT`EGIDIO,44.49904059,11.35951858,5
301,SFERISTERIO,44.50044908,11.34720661,1
3010,CENTRO ZANARDI,44.50394231,11.36695062,5
3012,SAN DONATO,44.50497647,11.37077431,5
3014,SIRENELLA,44.50607346,11.37338356,5
3015,SAN DONNINO,44.50943974,11.38038474,5
3017,CADRIANO BIVIO,44.51109765,11.38388282,5
3018,SAN DONNINO,44.50868222,11.37820957,5
3019,PIRANDELLO,44.51171743,11.38948797,5
302,SFERISTERIO,44.50069116,11.3467344,5
3020,CADRIANO BIVIO,44.51184256,11.38479632,5
3022,PIRANDELLO,44.5117616,11.38977049,2
3025,SVEVO,44.50844589,11.39452092,5
3026,PILASTRO,44.51042507,11.39590019,2
3027,DELEDDA,44.51010584,11.39992796,5
303,IRNERIO,44.4997928,11.34978799,5
304,IRNERIO,44.49999648,11.34954145,5
305,PORTA SAN DONATO,44.49842999,11.35514117,5
3051,BIVIO PILASTRO,44.51006636,11.38347047,2
3052,SALGARI,44.51434878,11.39006265,5
3053,PILASTRO VECCHIO,44.50787583,11.38942292,2
3054,NEGRI,44.51351226,11.3957995,5
3055,C.S. RECORD,44.50796414,11.3916808,2
3056,PILASTRO,44.51107229,11.39581271,5
3059,SVEVO,44.50818135,11.39530265,2
306,PORTA SAN DONATO,44.49891781,11.35377796,5
3074,PANZINI,44.50935826,11.39329942,5
3075,SIGHINOLFI,44.51109042,11.400761,2
3076,SIGHINOLFI,44.51122389,11.40155752,2
3101,BEROALDO,44.50225729,11.36667249,2
3102,GALEOTTI,44.50265888,11.36469728,2
3103,DUSE,44.50130267,11.36926602,2
3104,CAMPO SAVENA,44.50114055,11.36704554,2
3105,CALINDRI,44.50051911,11.37123352,2
3106,DUSE,44.50013874,11.3701772,2
3107,ARTIGIANO,44.50303752,11.36706457,5
3108,TERRAPIENO MONDO,44.4992831,11.37698842,2
3109,ANDREINI,44.50054617,11.3735051,2
3110,MONDO,44.49902521,11.37261633,2
3111,BEOLCO,44.50300955,11.37401629,2
3112,ANDREINI,44.50141693,11.37357033,2
3113,GIARDINO GINO CERVI,44.50512094,11.37241939,2
3114,BEOLCO,44.50300474,11.37376058,2
3115,MAGAZZARI,44.50389286,11.37230716,5
3116,TERRAPIENO,44.50080906,11.37852691,2
3118,GIARDINO GINO CERVI,44.50501144,11.37236786,2
3120,MAGAZZARI,44.50406701,11.37249071,2
3122,RISTORI,44.50213146,11.37200255,2
3131,NUOVA,44.49816702,11.37297458,4
3132,NUOVA,44.4983116,11.37305671,8
3133,STAZIONE SAN VITALE,44.49589352,11.37193504,4
3134,STAZIONE SAN VITALE,44.49594856,11.37215661,8
3151,CAVALCAVIA SAN DONATO,44.49940843,11.36031896,3
3152,CAVALCAVIA SAN DONATO,44.5003831,11.36167201,3
3153,ROSSI,44.49872286,11.36337616,3
3154,ROSSI,44.4987506,11.36287886,3
3161,MERCATO SAN DONATO,44.50208881,11.36334397,5
3165,LIBIA,44.49418425,11.36574834,2
32006,GRANAROLO SCUOLA MEDIA,44.5515947,11.44436184,2
32008,GRANAROLO DALLA CHIESA,44.55245249,11.44132422,2
3201,VESTRI,44.50708276,11.35744991,2
32010,VIADAGOLA CENTRO SPORTIVO,44.55374694,11.43709528,2
32014,VIADAGOLA,44.55460178,11.434303,2
3202,REPUBBLICA,44.50402216,11.36350468,2
32022,VIADAGOLA CHIESA,44.55636187,11.42913765,2
32026,CADRIANO ROMA,44.56156765,11.40927558,2
3203,LAVORO,44.50523139,11.35931256,2
32030,CADRIANO SCUOLE ELEMENTARI,44.55625474,11.40606273,2
32034,CADRIANO GANDOLFI,44.55171021,11.40141147,2
32038,CADRIANO,44.54962406,11.39947656,2
3204,RUGGERI,44.50489809,11.36068289,2
32042,CADRIANO MATTEOTTI,44.54749688,11.39802006,2
3205,PEZZANA,44.50393356,11.36060779,5
3206,NOVELLI,44.50663453,11.36106044,8
3208,LAVORO,44.50538159,11.35936816,2
3210,VESTRI,44.50677599,11.35800051,2
3212,DOPOLAVORO FERROVIARIO,44.50802935,11.35351289,2
3214,BIGARI,44.50838684,11.35131994,2
3216,CRETI,44.50974616,11.35006621,2
33,PORTA SANTO STEFANO,44.48498771,11.35711821,8
3301,CAVALCAVIA MASCARELLA,44.50689527,11.35511186,4
3302,CAVALCAVIA MASCARELLA,44.50716093,11.35510763,8
3303,STALINGRADO,44.50876671,11.35611902,4
3304,STALINGRADO,44.50915064,11.35602756,8
3305,STALINGRADO PARRI,44.51229817,11.35788044,4
3307,FIERA ALDO MORO,44.50859454,11.3628152,2
3308,STALINGRADO PARRI,44.5122206,11.35752268,8
3319,DOZZA,44.52889371,11.3670467,3
3320,DON GNOCCHI,44.52528694,11.36167417,3
3321,APOSAZZA,44.53335336,11.36777886,3
3322,PARCHEGGIO PARCO NORD,44.52721569,11.36466628,3
3326,DOZZA,44.52824853,11.3661695,3
3327,DON GNOCCHI,44.52598517,11.36289948,3
3328,APOSAZZA,44.53331563,11.36748156,3
3329,PARCHEGGIO PARCO NORD,44.52695472,11.36476976,3
3331,PARCHEGGIO COSTITUZIONE,44.51035371,11.359704,8
3335,FIERA PALAZZO CONGRESSI,44.51093344,11.36130706,4
3337,MONDO,44.49954884,11.37313993,4
3338,FIERA PALAZZO CONGRESSI,44.51196498,11.36128757,8
3339,SERENA,44.50816717,11.36081805,4
3340,FIERA PALAZZO CONGRESSI,44.51191994,11.36147917,8
3341,NOVELLI,44.50580812,11.36255003,5
3342,FIERA PALAZZO CONGRESSI,44.51175199,11.36160135,2
3343,NOVELLI,44.50547576,11.36330241,2
3345,FIERA PALAZZO CONGRESSI,44.51152147,11.36153856,4
3347,ZACCONI,44.50431138,11.36448187,2
3349,PARCO NORD,44.52696913,11.36586677,3
3351,ALDO MORO,44.50710477,11.36435661,2
3352,ALDO MORO,44.50737571,11.3642339,2
3353,VIALE FIERA,44.50857016,11.36936635,2
3354,VIALE FIERA,44.50752541,11.36778842,2
3356,FERRAVILLA,44.50716236,11.37058697,5
3370,CARCERE,44.53387687,11.36865805,3
3371,CARCERE,44.53331018,11.36942587,3
3372,GOMITO,44.53300742,11.37062026,3
34,PORTA CASTIGLIONE,44.48537356,11.34931878,4
35,GIARDINI MARGHERITA,44.48478373,11.35238632,8
3501,VIRGOLONE,44.51468275,11.3898058,2
3502,VIRGOLONE,44.51497614,11.39006314,2
3503,MENARINI,44.51872011,11.3976543,2
3504,MENARINI,44.51823819,11.39659566,2
3505,SAN SISTO,44.51997978,11.40057807,2
3506,SAN SISTO,44.52012456,11.4009442,2
3507,SAN DONATO 240-246,44.5229935,11.40759946,2
3509,PICCOLO COW BOY,44.52441574,11.41115161,2
3511,FRULLO (BIVIO),44.52754571,11.41780597,2
3513,QUARTO CENTRO,44.52993971,11.42205819,2
3517,QUARTO S.DONATO RISORGIMENTO,44.53153443,11.42472794,2
352,DON MINZONI - MAMBO,44.50294095,11.33654497,1
353,BOVI CAMPEGGI QUESTURA,44.50535103,11.33538015,1
354,BOVI CAMPEGGI QUESTURA,44.50551811,11.33524373,1
3543,ROTONDA BARONI,44.5152361,11.40118845,2
3544,ROTONDA BARONI,44.5153282,11.40162473,2
3545,CARNACINI,44.51574326,11.3986321,2
3547,FACOLTA` DI AGRARIA,44.51305659,11.40774842,2
3548,FACOLTA` DI AGRARIA,44.51355891,11.40660751,2
355,BOVI CAMPEGGI,44.50570992,11.33298428,1
3553,COMMERCIO ASSOCIATO,44.51764753,11.40178297,2
3554,FIORINI,44.51368852,11.42155049,2
356,BOVI CAMPEGGI,44.50600797,11.33186903,1
36,PARCHEGGIO STAVECO,44.4860236,11.34389094,4
37,PORTA CASTIGLIONE,44.48511543,11.34901133,8
38,PORTA SAN MAMOLO,44.48703256,11.33826117,4
4,STAZIONE CENTRALE,44.50504346,11.34311313,4
4001,SACRO CUORE,44.50857046,11.34666227,0
4002,SACRO CUORE,44.50854926,11.34648923,0
4003,PIAZZA DELL`UNITA`,44.51067636,11.3472713,2
4004,PIAZZA DELL`UNITA`,44.5106043,11.34708126,0
4007,PIAZZA DELL`UNITA`,44.51159728,11.34755204,0
4015,MATTEOTTI ALTA VELOCITA',44.50711308,11.3461748,3
4016,MATTEOTTI ALTA VELOCITA',44.50712273,11.34603366,3
4024,CASERME ROSSE,44.5257942,11.34872754,0
4026,CROCE COPERTA,44.5304546,11.35220892,0
4029,RONCAGLIO,44.53661853,11.35580995,0
4033,LIPPARINI,44.54065556,11.35638429,0
4035,COLOMBAROLA,44.54314891,11.35612853,0
4041,CORTICELLA,44.5461302,11.35646679,0
4043,BENTINI,44.54908437,11.35732003,0
4045,BENTINI SOTTOVIA,44.55303353,11.35365303,0
40501,PRIMO MAGGIO,44.55572003,11.35166375,0
40505,VILLA ZARRI,44.55955147,11.35626506,0
40509,FRABACCIA,44.56999571,11.36031238,0
40513,CASTEL MAGGIORE,44.57408868,11.36310247,0
40517,CASTEL MAGGIORE BONDANELLO,44.57699025,11.36519673,0
40521,CASTEL MAGGIORE TRANCHINA,44.58067877,11.36602261,0
40525,FUNO AGUCCHI,44.58679353,11.36871628,0
40529,FUNO,44.59115606,11.36843214,0
40531,FUNO PIAZZA RESISTENZA,44.59444432,11.36956505,0
4078,MARESCALCHI,44.54397393,11.35519331,0
4079,MARESCALCHI,44.54361964,11.35503329,0
4082,FONTI,44.54813272,11.35542011,0
4083,FONTI,44.54850952,11.35537488,0
4086,CORTICELLA,44.54610549,11.35524671,0
4088,ZANICHELLI,44.54777828,11.35747198,0
409,INDIPENDENZA NORD,44.50299103,11.34496538,0
4090,SANT`ANNA,44.54819701,11.36067947,0
4094,BYRON CENTOFIORI,44.54630701,11.36043624,0
4096,CORTICELLA STAZIONE,44.55191145,11.35428764,0
41,PARCHEGGIO STAVECO,44.48567008,11.34502274,8
4103,CRETI,44.51041843,11.35086383,2
4104,CRETI,44.51059405,11.35064208,2
4105,STALINGRADO,44.50984765,11.3551341,2
4106,STALINGRADO,44.5100027,11.35514585,2
4109,BIGARI,44.50891579,11.35079868,2
4111,DOPOLAVORO FERROVIARIO,44.50794551,11.35373258,2
4160,SOLARI,44.54070678,11.35723702,0
4162,TEGA,44.53652472,11.35711352,0
4164,PINARDI,44.53469376,11.35617147,0
42,ALDINI,44.48856371,11.33429559,4
42001,CASE OSTI,44.54857559,11.31818403,9
42002,CASE OSTI,44.54857236,11.31806587,9
42005,TREBBO PRONI,44.55349937,11.31837959,9
42006,TREBBO PRONI,44.5532788,11.31815837,9
42007,TREBBO RISORGIMENTO,44.55552925,11.32193213,9
42010,TREBBO RESISTENZA,44.55675188,11.3209373,9
42014,TREBBO CORTICELLA-COLLODI,44.55558115,11.32478915,9
4202,CARRACCI STAZIONE AV,44.50706693,11.34468492,9
4204,CASA DELLA SALUTE UFF COMUNALI,44.50785571,11.33901218,9
4205,CASE FERROVIERI,44.50847729,11.33488603,9
4206,CASE FERROVIERI,44.50832127,11.33538244,9
4209,CARRACCI,44.5089796,11.33109521,9
4210,CARRACCI,44.50881991,11.33160537,9
42521,TREBBO LAME-DON MINZONI,44.55685894,11.31802201,9
42522,TREBBO LAME-DON MINZONI,44.55699515,11.31796446,9
42525,TREBBO LAME-FOSCOLO,44.55717198,11.32158356,9
43,PORTA SAN MAMOLO,44.4861282,11.34085022,8
4301,FRANCESCHINI,44.51092451,11.35055158,3
4302,ZUCCA,44.51171761,11.34963829,3
4303,CIGNANI,44.51266939,11.35207727,3
4304,CIGNANI,44.51360161,11.35241045,3
4305,CASARALTA,44.51468292,11.3530988,3
4306,CASARALTA,44.51502404,11.35309209,3
4308,CASONI,44.51803583,11.35590763,3
4309,PASSAROTTI,44.5162218,11.35454482,3
4315,CASONI,44.51818995,11.35626459,3
4316,PASSAROTTI,44.51641602,11.35456758,3
4317,MANIFATTURA,44.52254316,11.35904181,3
4318,DEPOSITO FERRARESE,44.52118989,11.35801589,3
4319,DEPOSITO FERRARESE,44.52097888,11.35796177,3
4320,DOZZA CAPOLINEA,44.52888213,11.36670959,3
4322,MANIFATTURA,44.52358252,11.35991195,3
4399,SACRO CUORE,44.5082915,11.34605429,9
44,PORTA SARAGOZZA - VILLA CASSARINI,44.49009927,11.33038187,4
4401,TIARINI,44.50871363,11.34286945,9
4405,BOLOGNINA,44.51215724,11.34604118,0
4406,BOLOGNINA,44.5112642,11.34437529,0
4409,BOLOGNESE,44.51265771,11.34238432,0
4410,TIBALDI DALL'ARCA,44.51153775,11.34237011,0
4413,BATTIFERRO,44.51527227,11.33746012,3
4414,BATTIFERRO,44.5145541,11.33775782,3
4418,GOBETTI,44.5185171,11.33643398,3
4419,GOBETTI,44.51841605,11.33612008,3
4420,ROTONDA C.N.R.,44.5219928,11.33774559,3
4425,BARBIERI,44.5169038,11.3411099,0
4426,BARBIERI,44.51676853,11.34109346,0
4427,ROTONDA GOBETTI,44.51704657,11.33741009,0
4428,ROTONDA GOBETTI,44.51689421,11.33756913,0
4429,NAVILE,44.51717509,11.33214473,0
4430,NAVILE,44.51689524,11.33220985,0
4433,GAGARIN,44.5172949,11.32952843,0
4434,GAGARIN,44.5170051,11.32966787,0
4451,FIORAVANTI,44.51403479,11.34218002,0
4452,FIORAVANTI,44.51399838,11.34200791,0
4453,FONDO COMINI,44.51583084,11.34245252,0
4454,FONDO COMINI,44.51578488,11.3422242,0
4455,ARCOVEGGIO CHIESA,44.51741631,11.34207333,0
4456,PALESTRA IPPODROMO,44.51909024,11.3427853,0
4459,PALESTRA IPPODROMO,44.51935666,11.34321042,0
4460,VILLA ERBOSA,44.52154054,11.34366686,0
4461,VILLA ERBOSA,44.52175312,11.34394594,0
4463,ARCOVEGGIO,44.52497424,11.345321,0
4464,ARCOVEGGIO,44.52437589,11.34503114,0
4467,C.S. VIRTUS,44.52767967,11.34638056,0
4468,C.S. VIRTUS,44.52807883,11.34650592,0
4469,COOPERAZIONE,44.53091037,11.34720569,0
4470,COOPERAZIONE,44.53093831,11.34713286,0
4471,DON BEDETTI,44.53416525,11.34816796,0
4472,DON BEDETTI,44.53432026,11.34801765,0
4475,LAPIDARI,44.53640386,11.350474,0
4476,LAPIDARI,44.53642995,11.35024614,0
4477,CASA BUIA,44.53872999,11.35180826,0
4478,CASA BUIA,44.53915776,11.3513637,0
4480,ROTONDA GIARDINI,44.54162161,11.35207499,0
449,PIAZZA DEI MARTIRI,44.50183936,11.34041306,5
45,PETRARCA,44.48767245,11.33583598,8
451,MARCONI,44.49692575,11.33768898,1
452,MARCONI,44.4970605,11.33748368,9
455,MARCONI,44.49800099,11.33818401,5
459,PIAZZA DEI MARTIRI,44.50083793,11.33950189,2
46,PORTA SARAGOZZA - LICEO RIGHI,44.4921816,11.32933841,5
461,MILLE (PIAZZA DEI MARTIRI),44.50189119,11.34095778,1
462,PIAZZA DEI MARTIRI,44.50026091,11.33899451,5
463,MILLE,44.50151782,11.34264714,5
466,MILLE,44.50191653,11.34131399,5
467,MILAZZO,44.50322466,11.34165187,1
469,AMENDOLA,44.50316993,11.34051582,2
47,PORTA SARAGOZZA - VILLA CASSARINI,44.48973658,11.33026052,8
470,AMENDOLA,44.50302164,11.34026934,8
472,STAZIONE CENTRALE,44.50559242,11.34093997,8
474,STAZIONE CENTRALE,44.50518646,11.3431912,8
475,PIAZZA XX SETTEMBRE,44.50445618,11.34430575,1
49,ALDINI,44.4885715,11.33361208,8
5,STAZIONE CENTRALE,44.50568308,11.34369464,9
50,PORTA SANT`ISAIA,44.49553391,11.32829197,4
500001,CASAGLIA 32-34,44.4839101,11.31297474,6
500003,CASAGLIA SCUOLE,44.47754321,11.30990808,6
500005,CASAGLIA 53,44.47247225,11.30836187,6
500007,CASAGLIA 53/2,44.47022081,11.30405582,6
500009,CASAGLIA CHIESA,44.46489427,11.30075366,6
500010,CASAGLIA CHIESA,44.46477681,11.30088655,6
500011,CASAGLIA 63,44.46075744,11.29981097,6
500012,CASAGLIA 63,44.46078514,11.29999982,6
500013,CASAGLIA 64,44.45741833,11.2990749,6
500014,CASAGLIA 64,44.45740277,11.29913211,6
500016,MONTE PRADONE 66,44.45364398,11.29795109,6
500017,MONTE PRADONE,44.45119013,11.29619267,6
500020,MONTE ALBANO 21,44.46767869,11.3015459,6
500022,MONTE ALBANO 38,44.46964072,11.30201907,6
500024,MONTE ALBANO GESSAROLI,44.46682433,11.29227294,6
500026,MONTE ALBANO 15,44.47105934,11.29334558,6
500028,MONTE ALBANO 11,44.47553604,11.29373083,6
500030,BASILICA DI SAN LUCA,44.47933249,11.29640943,6
500032,SAN LUCA 35,44.48076015,11.30073141,6
500034,SAN LUCA 15,44.48567768,11.30227354,6
5001,PORTA LAME,44.50315324,11.33301548,9
5002,PORTA LAME,44.50317899,11.33280187,9
5003,BOVI CAMPEGGI,44.50562134,11.33146048,9
5004,BOVI CAMPEGGI,44.50548744,11.33134901,9
5005,SOTTOPASSO ZANARDI,44.51075309,11.32857966,9
5006,SOTTOPASSO ZANARDI,44.51061403,11.32850021,9
5009,POSTE,44.51224904,11.32759422,9
5010,POSTE,44.5121708,11.32740238,9
5011,OCA,44.51643112,11.32500683,9
5014,OCA,44.51635206,11.32485584,9
5017,ZANARDI,44.51889235,11.32306476,0
5018,ZANARDI,44.5188617,11.32285671,0
5019,SELVA PESCAROLA,44.52166414,11.32151002,0
5020,SELVA PESCAROLA,44.52174175,11.32120716,0
5021,PESCAROLA,44.52233423,11.32051501,0
5022,PESCAROLA,44.52275857,11.3196801,0
5025,C.S. PESCAROLA,44.52504204,11.31811909,9
5026,C.S. PESCAROLA,44.52485958,11.31807175,9
5027,BORRE,44.52699389,11.31690033,9
5028,BORRE,44.52663031,11.31696064,9
5029,TRAGHETTO,44.52906233,11.31489068,9
5030,TRAGHETTO,44.52941231,11.31434316,9
5032,NOCE,44.53306428,11.31519744,9
5033,CENTRO PROVE AUTOVEICOLI,44.53175906,11.31459819,9
5034,CENTRO PROVE AUTOVEICOLI,44.5318137,11.31442809,9
5035,NOCE,44.53340679,11.31550045,9
5038,NOCE,44.53341786,11.31544268,9
51,PORTA SARAGOZZA - LICEO RIGHI,44.49153161,11.32917888,5
5101,GRAZIA,44.51625109,11.32820815,9
5102,GRAZIA,44.51655408,11.32813923,9
5103,MARCO POLO,44.51924238,11.32899894,0
5104,MARCO POLO,44.51898779,11.32870883,0
5105,BOTTEGO,44.52028364,11.33104982,0
5109,BEVERARA,44.52198427,11.33139451,0
5110,BOTTEGO,44.52002053,11.33095674,0
5111,PELLEGRINO,44.52487883,11.33237439,0
5112,BEVERARA,44.52172064,11.33118895,0
5113,TANGENZIALE LAME,44.52826273,11.33347224,9
5114,PELLEGRINO,44.52524172,11.33215527,0
5117,FORNACE,44.53046695,11.33406791,9
5118,TANGENZIALE LAME,44.5280738,11.33291568,9
5120,FORNACE,44.53029134,11.33361006,9
5122,SOSTEGNO,44.53220077,11.33663598,9
52,PORTA SAN FELICE,44.49981636,11.32812443,4
5201,PARMEGGIANI,44.50360424,11.33341323,1
5202,PARMEGGIANI,44.50342862,11.33341643,1
5203,CASARINI,44.50401745,11.33064882,1
5204,CASARINI,44.50396807,11.33011851,1
5205,MALVASIA,44.5029793,11.32551906,1
5206,SCALO,44.50249923,11.32787117,1
5207,PARCHEGGIO TANARI,44.50688306,11.32676097,9
5208,TANARI,44.50623495,11.32904678,9
5213,TANARI,44.50621001,11.33030431,9
5255,ITC LUXEMBURG,44.51410722,11.3114361,0
527,DON MINZONI - MAMBO,44.50295616,11.33588437,1
53,PORTA SANT`ISAIA,44.49346538,11.32849418,5
5301,DE GAMA,44.5221228,11.32708703,0
5302,DE GAMA,44.52172436,11.32849859,0
5304,PANE,44.5210661,11.32498992,0
5305,USODIMARE,44.51857777,11.32433884,0
5306,USODIMARE,44.518887,11.3244054,0
5307,PANE,44.52084293,11.32475848,0
54,PORTA LAME,44.50175732,11.33199511,4
5401,AGUCCHI,44.52441496,11.31599819,0
5402,AGUCCHI,44.52428837,11.31616463,0
5403,VARANINI,44.52373134,11.31316725,0
5404,VARANINI,44.52358888,11.31325598,0
5406,BERTALIA,44.5213801,11.31260621,0
5410,BERTALIA,44.52135398,11.31214588,0
5501,ZANARDI CINTURA FERROVIARIA,44.53737586,11.31710452,9
5502,ZANARDI CINTURA FERROVIARIA,44.53739068,11.3170123,9
5503,CAVE,44.54516688,11.32057188,9
5504,CAVE,44.5452513,11.32046036,9
5701,TRIUMVIRATO,44.51173925,11.2912163,7
5702,TRIUMVIRATO,44.51191775,11.29106917,7
5703,ACQUEDOTTO TRIUMVIRATO,44.51549016,11.29274659,7
5704,ACQUEDOTTO TRIUMVIRATO,44.51545348,11.29252811,7
5705,DUE PONTI,44.51939636,11.29415704,7
5706,DUE PONTI,44.51887106,11.2938758,7
5709,BIRRA,44.52132319,11.29507453,7
5710,BIRRA,44.52129249,11.29489401,7
5714,AEROPORTO,44.52942133,11.29270497,7
5750,CASE GHEDINI@,44.52548856,11.28798254,7
5751,CASE GHEDINI@,44.52560129,11.28794448,7
5754,VILLA SALTARELLI@,44.52753439,11.28587607,7
5755,VILLA SALTARELLI@,44.52759176,11.28565258,7
5758,CASERMA R.R.A.E.@,44.52949633,11.28711462,7
5759,CASERMA R.R.A.E.@,44.52932612,11.28682005,7
5762,AEROCLUB@,44.5310122,11.28815272,7
5766,CASE SAVINI@,44.52728011,11.28082187,7
59,VICINI,44.49654564,11.32754377,8
6,STAZIONE CENTRALE,44.50492844,11.34378233,4
6001,SAN PIO V,44.50019262,11.32490193,1
6002,SAN PIO V,44.50002814,11.32482856,1
6003,SAFFI,44.50169966,11.32046639,1
6004,SAFFI,44.50094607,11.32219125,1
6005,TIMAVO,44.50264037,11.31794228,1
6006,TIMAVO,44.50247202,11.31784358,1
6008,OSPEDALE MAGGIORE,44.50415945,11.31584742,2
6009,OSPEDALE MAGGIORE,44.50416489,11.31372349,8
601,UGO BASSI,44.49564749,11.33817999,9
6016,OSPEDALE MAGGIORE - MATERNITA`,44.5063791,11.31612719,2
602,UGO BASSI,44.49526171,11.34007616,0
6023,OSPEDALE MAGGIORE,44.5041432,11.3159828,2
6027,CINTA DAZIARIA TEATRI DI VITA,44.51179905,11.28874012,7
6028,ROTONDA GRANATIERI - AVIS,44.50737203,11.31230515,2
6029,BORGO PANIGALE STAZIONE,44.51441474,11.28371699,7
6030,CINTA DAZIARIA TEATRI DI VITA,44.51189931,11.28828561,7
6033,SCALA,44.51655723,11.27783747,7
6035,CHIESA BORGO PANIGALE,44.517724,11.27468618,7
6037,BORGO PANIGALE - MUSEO DUCATI,44.51859111,11.27208463,7
6039,OSPEDALE MAGGIORE - MATERNITA`,44.50668832,11.31527928,2
604,UGO BASSI,44.49547129,11.33847191,1
6040,BORGO PANIGALE CIMITERO,44.51579295,11.27231644,7
6043,VILLAGGIO INA,44.52129771,11.2642301,7
6045,ROTONDA GRANATIERI - AVIS,44.50757322,11.31198367,2
605,LAME,44.49695549,11.33686867,1
60503,CERETOLO CHIESA,44.48059452,11.26143239,5
60504,CERETOLO CHIESA,44.4807628,11.26106086,5
60505,CERETOLO,44.48134766,11.25729453,5
60506,CERETOLO,44.4812659,11.25707604,5
60509,CERETOLO TENUTA LAURO,44.48201827,11.24937463,5
60510,CERETOLO TENUTA LAURO,44.48121953,11.25064698,5
60511,CERETOLO VIVALDI,44.48388048,11.24598407,5
60512,CERETOLO VIVALDI,44.48344187,11.24614251,5
60513,RIALE CENTRO,44.48484098,11.24022677,5
60514,RIALE CENTRO,44.4843488,11.24122261,5
60517,RIALE,44.4856108,11.2369795,5
60518,RIALE,44.48552644,11.23691132,5
60521,PILASTRINO DI ZOLA,44.48842682,11.22562353,5
60522,PILASTRINO DI ZOLA,44.4886118,11.22520955,5
60525,LAVINO DI SOPRA,44.49115448,11.21888584,5
60526,LAVINO DI SOPRA,44.49130786,11.21823137,5
60529,ZOLA PREDOSA CHIESA,44.49259476,11.21454632,5
60530,ZOLA PREDOSA CHIESA,44.49267373,11.2138104,5
60533,ZOLA PREDOSA,44.49431586,11.20877077,5
60534,ZOLA PREDOSA,44.4941829,11.20895442,5
60537,ZOLA PREDOSA SAN PANCRAZIO,44.49683822,11.20198738,5
60538,ZOLA PREDOSA SAN PANCRAZIO,44.49633104,11.20258225,5
60542,PONTE RONCA SCUOLE,44.49942079,11.19603114,5
6057,OSPEDALE  MAGGIORE,44.50271967,11.31237184,1
6058,TERRACINI,44.51366601,11.31854305,2
6059,TERRACINI,44.51429113,11.31891616,2
6060,OSPEDALE MAGGIORE,44.50296662,11.3125159,8
6062,OSPEDALE MAGGIORE,44.50386789,11.31333041,1
607,LAME,44.49714864,11.33675061,9
6082,OSPEDALE MAGGIORE,44.50353602,11.31310914,4
609,RONDONE,44.49993739,11.33479976,1
61,PORTA SAN FELICE,44.49841584,11.32699635,8
611,PALASPORT,44.5005577,11.33118447,1
614,RONDONE,44.50016004,11.33449433,9
616,SAN FELICE,44.49754911,11.33188683,1
617,RIVA DI RENO - MARCONI,44.49882714,11.33766208,9
6202,VITTORIO VENETO,44.4991163,11.32033714,1
6203,VITTORIO VENETO,44.50020342,11.32091265,1
6204,PASUBIO,44.49812288,11.31894083,1
6205,PASUBIO,44.49823912,11.31889669,1
6206,WEBER,44.4991765,11.31548812,1
6208,SAFFI,44.50073834,11.32145042,1
6209,WEBER,44.49914288,11.31592468,1
6210,VELODROMO,44.50033411,11.31175716,1
6211,VELODROMO,44.50024407,11.31239668,1
6212,CIVIDALI,44.50138201,11.30824264,1
6215,CERTOSA GANDHI,44.49857654,11.31075222,4
6216,CERTOSA GANDHI,44.49857129,11.31052051,8
6217,CHIESA CERTOSA,44.49920186,11.30881853,1
6218,TOGLIATTI,44.50232182,11.29911652,1
6219,TOGLIATTI,44.50223771,11.30035935,1
6220,CENTRO VITTORIA - MAST,44.50378359,11.29408399,1
6221,EINAUDI,44.50509123,11.28136436,1
6222,TOGLIATTI PIETRA,44.5066248,11.2845559,1
6223,CENTRO VITTORIA - MAST,44.50395909,11.29422611,1
6224,EINAUDI,44.50504562,11.28159138,1
6225,TOGLIATTI PIETRA,44.50678591,11.2846872,1
6226,LA MALFA,44.50524051,11.27989126,1
6227,LA MALFA,44.50534696,11.27982937,1
6228,DE NICOLA,44.50519377,11.27842781,1
6230,GALEAZZA,44.50317353,11.27759588,1
6231,DE NICOLA,44.50521988,11.2782472,1
6233,GALEAZZA,44.50304499,11.27752404,1
6234,SALVEMINI,44.50091185,11.27544089,1
6235,BOTTONELLI,44.50261934,11.27891949,1
6236,ROTTA,44.4989328,11.27516656,1
6238,CASTELDEBOLE,44.50003891,11.27734406,1
6265,STAZIONE CASALECCHIO GARIBALDI,44.48232086,11.2738054,5
6266,CASALECCHIO PIAVE,44.4800836,11.27542143,5
6267,MERIDIANA CRISTONI,44.48294882,11.27137442,5
6272,PIETRA,44.51139271,11.28686375,7
6274,FAGGIOLO,44.50890139,11.28449625,7
6285,MARZABOTTO,44.50134112,11.3114589,1
6286,MARZABOTTO,44.50156144,11.31177659,1
6455,DEPOSITO BATTINDARNO,44.50205107,11.29736129,1
6456,DEPOSITO BATTINDARNO,44.50212558,11.29788076,1
6459,BATTINDARNO DE CAROLIS,44.50000856,11.29582584,1
6461,BERTOCCHI,44.5000319,11.29382515,1
6462,BATTINDARNO DE CAROLIS,44.50016563,11.29615747,1
6463,DE PISIS,44.50056193,11.2903781,1
6464,BERTOCCHI,44.49993131,11.29373473,1
6468,GIOTTO,44.49983484,11.29055323,1
6469,ALTOBELLI,44.49983576,11.28868053,1
6470,GNUDI,44.49820793,11.2887702,1
6471,VIGHI,44.49824215,11.28548937,1
6472,VIGHI,44.49811399,11.28545527,1
6477,CENTRO SPORTIVO BARCA,44.49287465,11.28135464,1
6478,NALDI,44.4922181,11.28288396,1
65,SILVANI,44.50054117,11.32894733,8
6602,CASALECCHIO SANTA LUCIA,44.47970274,11.26863293,5
6603,CASALECCHIO SANTA LUCIA,44.47980054,11.26844025,5
6657,ARIOSTO,44.51397728,11.26195458,7
6661,CAVALIERI DUCATI,44.51412912,11.25924675,7
6665,CAVALIERI DUCATI FRONTE 118/2,44.5155458,11.2545557,7
6667,VILLAGGIO SPERANZA,44.51613672,11.2502148,7
6669,CA` NUOVA@,44.51635702,11.24599957,7
6671,CASA SANTA CHIARA@,44.51556453,11.24729247,7
6673,RIGOSA@,44.51138019,11.23924485,7
6677,OLMETOLA@,44.51023507,11.24148679,7
6681,LA PICCIONAIA@,44.5098651,11.24576741,7
6685,VILLA BOSCHI@,44.50839211,11.25230542,7
6689,COLLEGIO SAN LUIGI@,44.50707664,11.25686148,7
6691,BOIARDO14@,44.50799366,11.25871949,7
6693,CASE GIARDINO@,44.50953679,11.25966764,7
6695,BOIARDO@,44.51121092,11.26048094,7
67,PORTA LAME,44.5029412,11.33369966,8
7001,PORTA SARAGOZZA - RISORGIMENTO,44.49051795,11.32833911,5
7002,PORTA SARAGOZZA - RISORGIMENTO,44.49036034,11.32825895,5
7003,SAN GIUSEPPE,44.49034182,11.32538601,5
7004,SAN GIUSEPPE,44.49019441,11.32494311,5
7005,VILLA BENNI,44.48907438,11.31848619,5
7006,ORSONI,44.48967962,11.32148532,5
7007,ORSONI,44.48961843,11.32067641,5
7009,VILLA SPADA,44.48934381,11.31560742,5
701,PIAZZA MALPIGHI,44.49432767,11.33630066,9
7010,VILLA BENNI,44.48890616,11.31831917,5
7011,MELONCELLO,44.49011958,11.31208916,5
7012,VILLA SPADA,44.48938793,11.31531833,5
7013,DELLO SPORT,44.49091038,11.30740411,5
7014,MELONCELLO,44.4900127,11.31219891,5
7015,BIVIO SAN LUCA,44.49019431,11.31012072,5
7017,FUNIVIA,44.49127414,11.30307156,5
7018,BIVIO SAN LUCA,44.4901684,11.3094547,5
7019,DON STURZO,44.48954585,11.29957248,5
702,PIAZZA MALPIGHI,44.49417325,11.33641727,0
7020,DELLO SPORT,44.49091796,11.30700116,5
7021,TREVES,44.48874067,11.29754597,5
7022,FUNIVIA,44.49124831,11.30384953,5
7025,MILANI,44.48796206,11.29517772,5
7027,CROCE LUNA,44.48609553,11.29193776,5
7028,DON STURZO,44.48908175,11.29889712,5
7029,CROCE,44.48488614,11.28917327,5
703,PIAZZA SAN FRANCESCO,44.49523278,11.33589816,9
7030,TREVES,44.48820036,11.2964502,5
7031,CASALECCHIO CASA CONOSCENZA,44.47833886,11.27688449,5
7033,CASALECCHIO VILLA CHIARA,44.48241869,11.28651457,5
7034,CROCE LUNA,44.48625691,11.29244789,5
7035,CASALECCHIO SAN MARTINO,44.47755548,11.28427185,5
7036,CROCE,44.48506711,11.29024928,5
7037,CASALECCHIO CHIUSA,44.47734838,11.28092539,5
7038,CASALECCHIO VILLA CHIARA,44.48262199,11.2867583,5
704,PIAZZA MALPIGHI,44.49370661,11.33632222,1
7042,CASALECCHIO SAN MARTINO,44.47758295,11.28481125,5
7043,CASALECCHIO STAZIONE,44.4746218,11.27621335,5
7044,CASALECCHIO CHIUSA,44.47690458,11.28150929,5
7046,CASALECCHIO MARCONI,44.47712896,11.27759891,5
7048,CASALECCHIO STAZIONE,44.47504909,11.27622997,5
705,SANT`ISAIA,44.49401779,11.33227606,5
7051,CROCE CARAVAGGIO,44.48695899,11.29248169,5
7052,CROCE CARAVAGGIO,44.48713514,11.29183542,5
7053,CROCEFISSI,44.49032196,11.28948504,5
7054,CROCEFISSI,44.48954372,11.28951668,5
7055,LORENZETTI,44.49159953,11.29199227,2
7056,BONINSEGNA,44.49019093,11.29060316,2
706,SANT`ISAIA,44.49394186,11.33224709,5
7060,FILANDA,44.49072648,11.29147779,2
707,SANT`ISAIA,44.49345556,11.33270729,0
709,PORTA SANT`ISAIA,44.49455031,11.32942567,5
710,PORTA SANT`ISAIA,44.49437954,11.32996364,5
7101,ANDREA COSTA,44.49500677,11.32641183,2
7102,ANDREA COSTA,44.49496216,11.32595019,2
7103,SAN PAOLO RAVONE,44.49538429,11.32282096,2
7104,SAN PAOLO RAVONE,44.49527425,11.32308544,2
7105,CROCETTA,44.49536542,11.31957043,2
7106,CROCETTA,44.49532474,11.32021579,2
7109,MARTINI,44.4950162,11.31598608,2
711,PORTA SARAGOZZA - FRASSINAGO,44.49042527,11.33055862,5
7110,MARTINI,44.49487617,11.31576043,2
7111,MAGNANI,44.49430983,11.31263921,2
7112,MAGNANI,44.49415056,11.31255744,2
7113,STADIO,44.49383518,11.30943127,2
7114,STADIO,44.49381066,11.31028321,2
7117,LINO,44.49340353,11.30637569,2
7118,LINO,44.49344753,11.30722765,2
7119,CERTOSA,44.49293527,11.30328711,2
7120,CERTOSA,44.49291513,11.3041738,2
7123,FUNIVIA,44.49154951,11.30191668,2
7124,FUNIVIA,44.49181174,11.30219426,2
7125,GHISELLO,44.49333214,11.29925835,2
7126,GHISELLO,44.49307194,11.29988483,2
7127,BARCA,44.49407469,11.29661088,2
7128,BARCA,44.49396217,11.29666621,2
7129,BELCANTONE,44.49541591,11.29362522,2
7130,BELCANTONE,44.49531049,11.29360695,2
7133,DE AMBRIS,44.4959681,11.291092,2
7134,DE AMBRIS,44.49582482,11.29164296,2
7135,BUOZZI,44.49621626,11.28825752,2
7136,BUOZZI,44.49613661,11.28810505,2
7140,RIGOLA,44.49411519,11.28694194,2
7143,TRENO,44.49477824,11.28482337,1
7144,TRENO,44.49436896,11.28452517,2
7145,TOMMASEO,44.49680003,11.28616489,1
7146,PIAZZA GIOVANNI XXIII,44.49633007,11.2856096,2
7150,TOMMASEO,44.49690016,11.28602573,1
7163,ROTONDA MALAGUTI,44.4907696,11.28812148,5
7171,MONTEFIORINO,44.49585751,11.31517511,4
7172,MONTEFIORINO,44.49586051,11.31502729,8
7201,RONCATI,44.49332706,11.32597792,4
7203,PIAZZA VOLTA,44.49282459,11.32349201,4
7204,PIAZZA VOLTA,44.49278028,11.32376145,8
7205,TURATI,44.4912353,11.32162803,4
7206,TURATI,44.49174363,11.32200271,8
7209,XXI APRILE ZANNONI,44.49184576,11.31759452,4
7210,XXI APRILE ZANNONI,44.49142879,11.31902834,8
7211,XXI APRILE MARTINI,44.4919806,11.31343536,4
7212,XXI APRILE MARTINI,44.49201223,11.31492779,8
7213,IRMA BANDIERA,44.49346955,11.3136782,4
7214,IRMA BANDIERA,44.49289562,11.31314535,8
7231,CASAGLIA,44.48666339,11.31510282,6
7232,CASAGLIA,44.48681362,11.31526989,5
7233,SCUOLE CARRACCI,44.48471724,11.31493149,5
7234,SCUOLE CARRACCI,44.48473474,11.31503986,5
7236,RAVONE,44.4824726,11.31482931,5
72401,CASALECCHIO LIDO,44.46903894,11.27754421,5
72402,CASALECCHIO LIDO,44.47038486,11.27748657,5
72405,CASALECCHIO RONZANI,44.46494558,11.27796638,5
72406,CASALECCHIO RONZANI,44.46537146,11.27805365,5
72409,CASALECCHIO C.S. ALLENDE,44.4614144,11.27897605,5
72410,CASALECCHIO C.S. ALLENDE,44.46158338,11.27896692,5
72413,SAN BIAGIO MICCA,44.45730502,11.2749824,5
72414,SAN BIAGIO MICCA,44.45716384,11.27444271,5
72417,SAN BIAGIO CEFALONIA,44.45582199,11.27443773,5
72418,SAN BIAGIO CEFALONIA,44.45526445,11.2741804,5
72421,SAN BIAGIO RESISTENZA,44.45532587,11.27137828,5
7301,AUDINOT,44.49170184,11.32737065,4
7302,GUIDOTTI,44.49258054,11.3254192,8
750,FARINI,44.49132723,11.34287801,0
7502,CASALECCHIO CASA CONOSCENZA,44.47817561,11.27646554,5
753,FARINI,44.49139376,11.34226833,4
754,COLLEGIO DI SPAGNA,44.49026892,11.33681957,5
755,COLLEGIO DI SPAGNA,44.4904475,11.33737504,4
756,NOSADELLA,44.48999766,11.33384111,5
758,D`AZEGLIO,44.49044021,11.34135528,5
759,NOSADELLA,44.49010559,11.33417635,4
760,PORTA SARAGOZZA - FRASSINAGO,44.49025416,11.33100822,5
761,PORTA SARAGOZZA - FRASSINAGO,44.49037379,11.33121187,4
799,PIAZZA CAVOUR,44.4911381,11.34364941,9
8,STAZIONE CENTRALE,44.50486794,11.34464633,3
800,PIAZZA CAVOUR,44.49098273,11.34365262,4
8001,DELLE ROSE,44.4826008,11.3488522,9
8002,PORTA CASTIGLIONE,44.48454138,11.34830684,9
8003,CASTIGLIONE,44.48049583,11.34923689,9
8004,DELLE ROSE,44.48178585,11.34923674,9
8005,SCALINI,44.47831622,11.34791712,9
8006,SCALINI,44.47768717,11.34649382,9
8007,PORTA CASTIGLIONE,44.48425833,11.34828133,9
8008,VILLA GUASTAVILLANI,44.46747606,11.34643412,9
8009,BARBIANO,44.47635902,11.34360361,9
801,PIAZZA CAVOUR,44.4908117,11.34365205,4
8010,BARBIANO,44.47618425,11.34331843,9
8011,PUTTI,44.48060858,11.34709273,9
8012,IST. RIZZOLI - CENTRO RICERCA,44.4753565,11.34071716,9
8013,PIAZZALE BACCHELLI,44.4806637,11.34413676,9
8014,CASTIGLIONE,44.4805738,11.34935208,9
8015,BARBIANO 1,44.4751864,11.3427001,9
8016,SCALINI,44.47797303,11.34797016,9
8017,PIAZZALE BACCHELLI,44.48071639,11.34378993,9
8018,PUTTI,44.4804806,11.3477069,9
8019,ISTITUTO ORTOPEDICO RIZZOLI,44.48132622,11.34258832,9
802,PIAZZA CAVOUR,44.4908574,11.34419389,9
8020,PIAZZALE BACCHELLI,44.48053917,11.34441942,9
8021,CODIVILLA,44.48446868,11.33990039,9
8022,ISTITUTO ORTOPEDICO RIZZOLI,44.48129857,11.34248269,9
8023,BIVIO SAN VITTORE,44.46419284,11.34265691,9
8024,POLIAMBULATORIO RIZZOLI,44.47606082,11.34099758,9
8026,SAN MICHELE IN BOSCO,44.48228749,11.34189117,9
8028,CODIVILLA,44.48438742,11.33985705,9
803,TRIBUNALE,44.48822717,11.34368998,9
8030,BATTIVENTO,44.47126624,11.34686816,9
8032,VILLA COLONNA,44.47350429,11.34663335,9
8034,VILLA SAMPIERA,44.47460385,11.34818703,9
8036,BELLA RIPA,44.47418794,11.34975064,9
804,TRIBUNALE,44.48794166,11.34424997,9
805,XII GIUGNO,44.4857542,11.34698006,9
806,XII GIUGNO,44.48636111,11.34578534,9
807,PIAZZA CAVOUR,44.49066255,11.34392826,9
809,PIAZZA CAVOUR,44.49064382,11.34410044,9
8101,ANNUNZIATA,44.48480396,11.33932747,9
8102,ANNUNZIATA,44.48493628,11.3394876,9
8103,BAGNI DI MARIO,44.48203225,11.33734778,9
8104,BAGNI DI MARIO,44.48247193,11.33805298,9
8105,VILLA GHIGI,44.47926677,11.33592164,9
8106,VILLA GHIGI,44.48015026,11.33665874,9
8109,SAN MAMOLO,44.47767064,11.33572197,9
8110,SAN MAMOLO,44.4774637,11.33599113,9
8111,BIVIO COLLI,44.47563209,11.33605318,9
8112,BIVIO COLLI,44.47565337,11.33619548,9
8113,FONTANINA,44.47228505,11.33820419,9
8114,FONTANINA,44.47231113,11.33825498,9
8117,POLVERIERA,44.47054061,11.33800142,9
8118,POLVERIERA,44.47041468,11.3380239,9
8120,RONCRIO,44.46808275,11.33704679,9
8144,VILLA BARUZZIANA,44.48345552,11.33587982,9
8145,VILLA ALDINI,44.48114074,11.32891218,9
8146,VILLA ALDINI,44.48103932,11.32869829,9
8148,OSSERVANZA,44.48110089,11.32667229,9
8151,MONTE CUCCOLINO,44.46476393,11.32866052,9
8152,MONTE CUCCOLINO,44.46497358,11.328892,9
8153,BIVIO GAIBOLA,44.46234709,11.32599291,9
8154,GAIBOLA CHIESA,44.46289706,11.31964843,9
8155,GAIBOLA CHIESA,44.46292507,11.31954348,9
8156,BIVIO GAIBOLA,44.46183546,11.32561433,9
8157,CASA CANTINELLA,44.4558284,11.3192561,9
8158,CASA CANTINELLA,44.45577789,11.31938765,9
8159,FORTE,44.45394491,11.31721762,9
8160,FORTE,44.45385552,11.31721409,9
8161,PADERNO,44.44830984,11.31544181,9
8162,PADERNO,44.44753685,11.31477031,9
8163,TIRO AL PIATTELLO,44.4437018,11.3092379,9
8164,TIRO AL PIATTELLO,44.44371296,11.30940956,9
8165,GAIBOLA,44.46659713,11.31998126,9
8167,CAVAIONI,44.44212446,11.30807853,9
8168,CAVAIONI,44.44216417,11.30820183,9
8169,CA` BRUCIATA,44.43800886,11.30935245,9
8170,CA` BRUCIATA,44.43924204,11.30935272,9
8171,LUMIERA,44.43564614,11.31315484,9
8172,LUMIERA,44.43555558,11.31326435,9
8173,PARCO CAVAIONI,44.44226643,11.30397492,9
8174,LASTRE,44.44898842,11.32345062,9
8175,SABBIUNO,44.42893197,11.31484115,9
8176,SABBIUNO,44.42905593,11.31452802,9
8177,CIPPO SABBIUNO,44.42159187,11.31470837,9
8178,CALANCHI,44.42816867,11.31546822,9
8179,SABBIUNO CASETTA,44.42093356,11.31304148,9
8180,CIPPO SABBIUNO,44.421457,11.31472737,9
8181,CA` DI SAVINI,44.45844849,11.32167586,9
8182,CA` DI SAVINI,44.4581217,11.32166998,9
851,TAGLIAPIETRE,44.49107082,11.34003951,9
855,SAN LUIGI PORTA SAN MAMOLO,44.4879903,11.33963017,9
856,SAN LUIGI PORTA SAN MAMOLO,44.48721634,11.33969982,9
897,PIAZZA MINGHETTI,44.49146672,11.34542884,0
9,STAZIONE CENTRALE,44.50535591,11.34274826,1
900002,SANT`ISAIA PIAZZA MALPIGHI,44.49342332,11.33528614,2
9001,PORTA SANTO STEFANO-ROSA PARKS,44.48356592,11.35782177,4
9002,PORTA SANTO STEFANO-ROSA PARKS,44.48384329,11.35763406,4
9003,MURRI,44.48236472,11.35953538,4
9004,MURRI,44.48238212,11.35975536,4
9005,STERLINO,44.48026569,11.3634125,4
9006,STERLINO,44.48153923,11.36122563,4
90071,PIANORO N. RESISTENZA,44.39091521,11.34352519,4
90072,PIANORO N. RESISTENZA,44.39102284,11.34349025,4
90075,PIANORO N. VILLAGGIO MARTINO,44.39039159,11.34600748,4
90076,PIANORO N. VILLAGGIO MARTINO,44.39043286,11.34618961,4
90079,PIANORO N. SPORT,44.38742807,11.34748269,4
90080,PIANORO N. SPORT,44.38745181,11.34769551,4
9009,RAGNO,44.47818039,11.36545816,4
9010,RAGNO,44.47979098,11.36424553,4
9011,VARTHEMA,44.4762369,11.36683957,4
9012,VARTHEMA,44.47734335,11.36633892,4
9013,CHIESA NUOVA,44.47357067,11.36867349,4
9014,CHIESA NUOVA,44.47390331,11.36845121,4
90150,PIANORO V. FONDOVALLE SAVENA,44.37050427,11.33878144,4
9017,PARISIO,44.47216582,11.36964367,4
9018,PARISIO,44.47168425,11.37031803,4
9019,VILLA MAZZACORATI,44.46924653,11.37098071,4
9020,VILLA MAZZACORATI,44.46910738,11.37109765,4
9021,CROCE DI CAMALDOLI,44.46653171,11.37065389,4
9022,CROCE DI CAMALDOLI,44.46640952,11.37084853,4
9025,DIRETTISSIMA,44.46397817,11.37074393,4
9026,DIRETTISSIMA,44.46338578,11.37098299,4
9027,ANGELO CUSTODE,44.46061832,11.3702644,4
9028,ANGELO CUSTODE,44.46000883,11.37030829,4
9029,SAN RUFFILLO,44.45711083,11.36936276,4
903,PIAZZA MINGHETTI,44.49144852,11.34719047,0
9030,SAN RUFFILLO,44.4573066,11.36971712,4
9035,PONTE SAVENA,44.45493741,11.36778232,4
9036,PONTE SAVENA,44.45490235,11.36780845,4
9037,TOSCANA PIETRO DA ANZOLA,44.45255505,11.36452729,4
904,PIAZZA MINGHETTI,44.4915695,11.34519086,4
9040,TOSCANA PIETRO DA ANZOLA,44.45273147,11.36505522,4
9042,SAN RUFFILLO STAZIONE,44.46301781,11.37285056,2
905,GARGANELLI,44.48975241,11.35048349,0
90521,CARTERIA PUCCINI,44.42067178,11.34900873,4
90522,CARTERIA PUCCINI,44.42051081,11.34917501,4
90525,PIANORO N. DEPOSITO GAS,44.41746385,11.35109411,4
90526,PIANORO N. DEPOSITO GAS,44.41748424,11.35119699,4
90529,BOARIA,44.40906725,11.34660436,4
90534,BOARIA,44.41099621,11.34889595,4
90541,PIAN DI MACINA GARGANELLI,44.40678901,11.34315297,4
90542,PIAN DI MACINA GARGANELLI,44.4061644,11.3430456,4
90545,PIAN DI MACINA ALLENDE,44.40219572,11.340695,4
90546,PIAN DI MACINA ALLENDE,44.40217581,11.34084333,4
90549,PIAN DI MACINA,44.4000003,11.34033273,4
90550,PIAN DI MACINA,44.39999853,11.34041899,4
90557,MUSIANO,44.39934039,11.34534497,4
90558,MUSIANO,44.39916948,11.34544801,4
90561,PIANORO N. ZONA ARTIGIANALE,44.39588921,11.342374,4
90562,PIANORO N. ZONA ARTIGIANALE,44.3958974,11.34252343,4
90565,PIANORO N. BIVIO RESISTENZA,44.39189908,11.34090426,4
90566,PIANORO N. BIVIO RESISTENZA,44.39248217,11.34100599,4
90571,PIANORO N.MUNICIPIO,44.38505666,11.34284172,4
90572,PIANORO N.MUNICIPIO,44.38486992,11.34313949,4
90573,PIANORO N. CAMPO SPORTIVO,44.3839742,11.34549368,4
90574,PIANORO N. CAMPO SPORTIVO,44.38394521,11.3456722,4
90581,PIANORO STAZIONE,44.37937958,11.34233511,4
90582,PIANORO STAZIONE,44.37961233,11.34250915,4
90585,PIANORO V. MAESTA`,44.37476502,11.34041889,4
90586,PIANORO V. MAESTA`,44.37485651,11.34048451,4
90589,PIANORO VECCHIO,44.37190584,11.34169267,4
90590,PIANORO VECCHIO,44.37220719,11.34208906,4
906,GARGANELLI,44.48964448,11.35077941,4
909,FONDAZZA,44.48691974,11.35393496,0
910,FONDAZZA,44.48709604,11.35403558,1
9100,PAVESE,44.45083713,11.36048089,4
9101,GANDINO,44.48092165,11.35803031,4
9102,GANDINO,44.48019634,11.35721439,4
9103,BELLACOSTA,44.47952534,11.35815559,4
9104,REDENTI,44.47837407,11.3549971,4
9105,SANTA BARBARA,44.47774406,11.35594308,4
9106,SANTA BARBARA,44.4770544,11.35620766,4
9109,BORGHI MAMO,44.47681677,11.3614445,4
911,BARACCANO,44.4855268,11.35493447,4
9110,SIEPELUNGA,44.47747637,11.36048485,4
9111,VILLA HERCOLANI,44.4750731,11.36242245,4
9112,BORGHI MAMO,44.47596533,11.36338184,4
9113,MOLINELLI,44.4731126,11.36485005,4
9114,VILLA HERCOLANI,44.47454512,11.36346515,4
9117,ROVIGHI,44.47251789,11.3662609,4
9119,ARANZIO,44.47243006,11.36854246,4
912,BARACCANO,44.4860181,11.35446615,4
9120,ROVIGHI,44.47258183,11.36622168,4
9202,PARCHEGGIO LERCARO,44.47887149,11.37236012,4
9203,DAGNINI,44.47737253,11.36807923,8
9204,DAGNINI,44.477659,11.36821185,4
9205,ORTI,44.4770715,11.37081757,0
9206,ORTI,44.47754047,11.36993754,0
9209,LUNETTA GAMBERINI,44.47651315,11.37373695,0
9210,LUNETTA GAMBERINI,44.4766577,11.37250849,0
9212,PO,44.47587758,11.37744342,0
9213,CRICCA,44.47265573,11.38526724,1
9215,ROMA,44.47066525,11.39039426,1
9216,HOSPICE SERAGNOLI,44.46562847,11.39613649,1
9217,HOSPICE SERAGNOLI,44.46579023,11.39626356,1
9218,CRICCA,44.47285038,11.38537655,1
9219,ALTURA,44.46398327,11.39331131,1
9220,ROMA,44.47075214,11.39078599,1
9221,OSPEDALE BELLARIA,44.46441043,11.39037207,1
9222,ALTURA,44.46413014,11.39368659,1
9225,ALTURA,44.46394781,11.39339237,1
9226,OSPEDALE BELLARIA,44.46429659,11.39089869,1
9227,CROARA BIVIO,44.46427647,11.39998204,1
9228,CROARA BIVIO,44.4642329,11.40055538,1
9229,PONTEBUCO BIVIO,44.46304301,11.40220679,1
9230,PONTEBUCO BIVIO,44.46313301,11.40378498,1
9233,BELLARIA VECCHIA,44.46250437,11.40464699,1
9234,SAN LAZZARO GIOVANNI XXIII,44.46444901,11.41128505,1
9235,SAN LAZZARO GIOVANNI XXIII,44.46439395,11.41122778,1
9236,CICOGNA FANTINI,44.46091593,11.41924192,1
9237,CICOGNA FANTINI,44.46123034,11.41980487,1
9238,SAN CAMILLO,44.44887437,11.41639794,1
9241,CICOGNA DONINI,44.46142809,11.42215429,1
9242,CICOGNA DONINI,44.46167548,11.4218974,1
9243,CICOGNA VIGANO`,44.45902358,11.42251048,1
9244,CICOGNA VIGANO`,44.45915198,11.42295575,1
9245,PIO LA TORRE,44.45762306,11.42381162,1
9246,PIO LA TORRE,44.45792055,11.42358041,1
9249,ROTONDA PULCE,44.45080659,11.41016954,1
9250,MURA SAN CARLO,44.44975538,11.41619269,1
9261,PO,44.47600823,11.37681829,0
9262,TORINO,44.4727878,11.37783103,0
9263,TORINO,44.472299,11.37741827,0
9264,ARMI,44.46919104,11.37705788,0
9265,ARMI,44.4692239,11.37680384,0
9266,MARCELLO,44.46698314,11.37649129,0
9269,MARCELLO,44.46612166,11.37616858,0
9270,CORTICELLI,44.46322196,11.375615,0
9271,CORTICELLI,44.46273367,11.37528563,0
9272,CORELLI,44.45874585,11.37356176,0
9273,CORELLI,44.45853721,11.37337415,0
9274,ROTONDA CORELLI,44.45566455,11.37198264,0
9301,STERLINO,44.48059477,11.36178481,4
9302,STERLINO,44.48056099,11.36186754,4
9303,CARUSO,44.47889538,11.36078573,4
9304,CARUSO,44.47859076,11.36076871,4
9305,VILLA GETSEMANI,44.47224941,11.36042176,4
9306,SIEPELUNGA,44.47719499,11.35961345,4
9309,VILLA MAGLI,44.46941145,11.36120545,4
9310,VILLA GETSEMANI,44.47247721,11.36047968,4
9311,VILLA BELCOLLE,44.46501561,11.3598598,4
9312,VILLA MAGLI,44.46947712,11.36118609,4
9313,SCUOLE MERLANI,44.46255502,11.35822935,4
9314,VILLA BELCOLLE,44.46506577,11.36001896,4
9318,SCUOLE MERLANI,44.46263966,11.35840797,4
9320,MONTE DONATO,44.46188649,11.35668061,4
9322,SCUOLE MERLANI,44.46240766,11.35835921,4
9323,BORGO GESSAIOLI,44.46119601,11.36008894,4
9324,BORGO GESSAIOLI,44.46085762,11.3604766,4
9325,PICCHIO,44.45971219,11.36665635,4
9326,PICCHIO,44.45937728,11.36669158,4
9328,ANGELO CUSTODE NOVARO,44.45874066,11.36876898,4
9330,BUON PASTORE,44.45933478,11.36994209,4
9350,ALBORNOZ,44.46585973,11.37747969,2
9352,PONCHIELLI,44.46704883,11.37317397,4
9354,FOSCHERARA,44.46906243,11.37385541,4
9358,VILLA MAZZACORATI,44.47015779,11.37164309,4
9360,PONCHIELLI,44.46644875,11.37258891,2
9401,VILLA MAZZACORATI,44.46917184,11.37173201,2
9403,FOSCHERARA,44.46832514,11.37386559,2
9405,BENEDETTO MARCELLO,44.46745025,11.37721583,2
9450,CAVAZZONI,44.47088499,11.37814976,0
9451,CAVAZZONI,44.4707594,11.37791207,0
9452,CHERUBINI,44.47048515,11.38140471,0
9453,CHERUBINI,44.47047091,11.3806042,0
9454,GUBELLINI,44.46879231,11.38131384,0
9455,GUBELLINI,44.46947719,11.38171258,0
9458,BATTAGLIA,44.46663556,11.37945506,0
9459,BATTAGLIA,44.4666131,11.3792098,0
9460,ABBA,44.46490304,11.3788378,0
9461,ALBORNOZ,44.4651451,11.37732022,0
9462,STADIO FALCHI,44.46349648,11.37894092,0
9463,STADIO FALCHI,44.46376192,11.37856988,0
9464,ALBORNOZ,44.46577015,11.37851161,2
9466,ALBERTO MARIO,44.46071206,11.37941704,0
9467,ALBERTO MARIO,44.46058521,11.37913219,0
9468,PONTICELLA,44.45950526,11.378602,0
9469,PONTICELLA,44.45934,11.37856701,0
9470,PONTICELLA EDERA,44.4581395,11.37774598,0
9471,PONTICELLA BRIZZI,44.45762772,11.37676127,0
9499,TOSCANA PAVESE 2,44.44814398,11.35913131,4
9500,TOSCANA PAVESE 2,44.44866412,11.35990947,4
9501,TOSCANA PAVESE 1,44.45032699,11.36150505,4
9502,TOSCANA PAVESE 1,44.45018385,11.36147841,4
9503,RASTIGNANO PALEOTTO,44.4457976,11.35823567,4
9504,RASTIGNANO PALEOTTO,44.44567052,11.35839548,4
9505,RASTIGNANO STAZIONE,44.44361681,11.35593448,4
9506,RASTIGNANO STAZIONE,44.44373335,11.35637439,4
9507,RASTIGNANO,44.44114183,11.3539913,4
9508,RASTIGNANO,44.44037439,11.35423974,4
9509,RIOLO,44.43488995,11.35471047,4
951,CARTOLERIA,44.4898128,11.34924476,1
9510,RIOLO,44.4356272,11.35497569,4
9511,CARTERIA DI SESTO,44.43023896,11.35214437,4
9512,CARTERIA DI SESTO,44.43064241,11.3524982,4
9513,CARTERIA CHIESA,44.42828496,11.35262895,4
9514,CARTERIA CHIESA,44.42811145,11.35269345,4
9516,CARTERIA SCUOLE,44.4263134,11.35114215,4
9517,CARTERIA SCUOLE,44.42648449,11.35139698,4
9518,CARTERIA SCUOLE,44.42628943,11.3513334,4
9519,RASTIGNANO,44.44067323,11.35410065,4
952,GARGANELLI,44.48942395,11.34968426,1
953,CESTELLO,44.48791662,11.34787798,1
954,RIALTO,44.48750845,11.34870969,1
99010,VILLA SPADA,44.48874504,11.31613943,6
99013,CASAGLIA 31,44.48468919,11.31428903,6
